17,-7,JL4lPQNTLP4BquWnf7wtVoMjnbU=,4PKruwD47q314LLmtcx9TpeY0Vs=
17,-5,JL4lPQNTLP4BquWnf7wtVoMjnbU=,4PKruwD47q314LLmtcx9TpeY0Vs=
16,-6,JL4lPQNTLP4BquWnf7wtVoMjnbU=,4PKruwD47q314LLmtcx9TpeY0Vs=
17,-6,JL4lPQNTLP4BquWnf7wtVoMjnbU=,4PKruwD47q314LLmtcx9TpeY0Vs=
16,-5,90GxMngIB7ck4c17wRF1gdyMS3I=,4PKruwD47q314LLmtcx9TpeY0Vs=
17,-12,90GxMngIB7ck4c17wRF1gdyMS3I=,2zkOR8cteh4mDak7QeHeZa5F51Q=
17,-8,90GxMngIB7ck4c17wRF1gdyMS3I=,4PKruwD47q314LLmtcx9TpeY0Vs=
16,-7,90GxMngIB7ck4c17wRF1gdyMS3I=,4PKruwD47q314LLmtcx9TpeY0Vs=
17,-11,90GxMngIB7ck4c17wRF1gdyMS3I=,2zkOR8cteh4mDak7QeHeZa5F51Q=
16,-11,90GxMngIB7ck4c17wRF1gdyMS3I=,2zkOR8cteh4mDak7QeHeZa5F51Q=
17,-9,90GxMngIB7ck4c17wRF1gdyMS3I=,2zkOR8cteh4mDak7QeHeZa5F51Q=
16,-10,90GxMngIB7ck4c17wRF1gdyMS3I=,2zkOR8cteh4mDak7QeHeZa5F51Q=
17,-10,90GxMngIB7ck4c17wRF1gdyMS3I=,2zkOR8cteh4mDak7QeHeZa5F51Q=
16,-9,90GxMngIB7ck4c17wRF1gdyMS3I=,2zkOR8cteh4mDak7QeHeZa5F51Q=
16,-8,90GxMngIB7ck4c17wRF1gdyMS3I=,4PKruwD47q314LLmtcx9TpeY0Vs=
16,-1,90GxMngIB7ck4c17wRF1gdyMS3I=,4PKruwD47q314LLmtcx9TpeY0Vs=
16,-2,90GxMngIB7ck4c17wRF1gdyMS3I=,4PKruwD47q314LLmtcx9TpeY0Vs=
16,-3,90GxMngIB7ck4c17wRF1gdyMS3I=,4PKruwD47q314LLmtcx9TpeY0Vs=
17,-4,90GxMngIB7ck4c17wRF1gdyMS3I=,4PKruwD47q314LLmtcx9TpeY0Vs=
16,-4,90GxMngIB7ck4c17wRF1gdyMS3I=,4PKruwD47q314LLmtcx9TpeY0Vs=
17,-2,90GxMngIB7ck4c17wRF1gdyMS3I=,4PKruwD47q314LLmtcx9TpeY0Vs=
17,-1,90GxMngIB7ck4c17wRF1gdyMS3I=,4PKruwD47q314LLmtcx9TpeY0Vs=
17,-14,90GxMngIB7ck4c17wRF1gdyMS3I=,2zkOR8cteh4mDak7QeHeZa5F51Q=
17,-3,90GxMngIB7ck4c17wRF1gdyMS3I=,4PKruwD47q314LLmtcx9TpeY0Vs=
16,-14,90GxMngIB7ck4c17wRF1gdyMS3I=,2zkOR8cteh4mDak7QeHeZa5F51Q=
16,-16,90GxMngIB7ck4c17wRF1gdyMS3I=,2zkOR8cteh4mDak7QeHeZa5F51Q=
17,-15,90GxMngIB7ck4c17wRF1gdyMS3I=,2zkOR8cteh4mDak7QeHeZa5F51Q=
17,-13,90GxMngIB7ck4c17wRF1gdyMS3I=,2zkOR8cteh4mDak7QeHeZa5F51Q=
17,-16,90GxMngIB7ck4c17wRF1gdyMS3I=,2zkOR8cteh4mDak7QeHeZa5F51Q=
16,-13,90GxMngIB7ck4c17wRF1gdyMS3I=,2zkOR8cteh4mDak7QeHeZa5F51Q=
16,-15,90GxMngIB7ck4c17wRF1gdyMS3I=,2zkOR8cteh4mDak7QeHeZa5F51Q=
16,-12,90GxMngIB7ck4c17wRF1gdyMS3I=,2zkOR8cteh4mDak7QeHeZa5F51Q=
17,-18,c5UFeEWSUgaGYeYmBLBLwslom/U=,csfQ45WIDFAwB8xmbloLQYfEaZA=
16,-17,c5UFeEWSUgaGYeYmBLBLwslom/U=,csfQ45WIDFAwB8xmbloLQYfEaZA=
17,-17,c5UFeEWSUgaGYeYmBLBLwslom/U=,csfQ45WIDFAwB8xmbloLQYfEaZA=
16,-18,c5UFeEWSUgaGYeYmBLBLwslom/U=,csfQ45WIDFAwB8xmbloLQYfEaZA=
7,-18,6R3UG/kGKd3Ov7ifd9y3+BgqGpg=,H4sUn2DT3JmH0f+7T9DndZD3oFc=
5,-18,6R3UG/kGKd3Ov7ifd9y3+BgqGpg=,H4sUn2DT3JmH0f+7T9DndZD3oFc=
6,-18,6R3UG/kGKd3Ov7ifd9y3+BgqGpg=,H4sUn2DT3JmH0f+7T9DndZD3oFc=
4,-18,iMGC8N4GOtYrfcL7xMxxFi4A4gc=,H4sUn2DT3JmH0f+7T9DndZD3oFc=
6,-17,iMGC8N4GOtYrfcL7xMxxFi4A4gc=,H4sUn2DT3JmH0f+7T9DndZD3oFc=
5,-17,iMGC8N4GOtYrfcL7xMxxFi4A4gc=,H4sUn2DT3JmH0f+7T9DndZD3oFc=
7,-17,iMGC8N4GOtYrfcL7xMxxFi4A4gc=,H4sUn2DT3JmH0f+7T9DndZD3oFc=
8,-18,iMGC8N4GOtYrfcL7xMxxFi4A4gc=,fRMzScNKNWE1ysq+13ON9K8c+k4=
9,-17,iMGC8N4GOtYrfcL7xMxxFi4A4gc=,fRMzScNKNWE1ysq+13ON9K8c+k4=
4,-17,iMGC8N4GOtYrfcL7xMxxFi4A4gc=,H4sUn2DT3JmH0f+7T9DndZD3oFc=
8,-17,iMGC8N4GOtYrfcL7xMxxFi4A4gc=,fRMzScNKNWE1ysq+13ON9K8c+k4=
9,-18,iMGC8N4GOtYrfcL7xMxxFi4A4gc=,fRMzScNKNWE1ysq+13ON9K8c+k4=
11,-18,iMGC8N4GOtYrfcL7xMxxFi4A4gc=,fRMzScNKNWE1ysq+13ON9K8c+k4=
10,-18,iMGC8N4GOtYrfcL7xMxxFi4A4gc=,fRMzScNKNWE1ysq+13ON9K8c+k4=
11,-17,iMGC8N4GOtYrfcL7xMxxFi4A4gc=,fRMzScNKNWE1ysq+13ON9K8c+k4=
2,-18,iMGC8N4GOtYrfcL7xMxxFi4A4gc=,H4sUn2DT3JmH0f+7T9DndZD3oFc=
10,-17,iMGC8N4GOtYrfcL7xMxxFi4A4gc=,fRMzScNKNWE1ysq+13ON9K8c+k4=
1,-18,iMGC8N4GOtYrfcL7xMxxFi4A4gc=,H4sUn2DT3JmH0f+7T9DndZD3oFc=
0,-17,iMGC8N4GOtYrfcL7xMxxFi4A4gc=,H4sUn2DT3JmH0f+7T9DndZD3oFc=
13,-18,iMGC8N4GOtYrfcL7xMxxFi4A4gc=,fRMzScNKNWE1ysq+13ON9K8c+k4=
3,-18,iMGC8N4GOtYrfcL7xMxxFi4A4gc=,H4sUn2DT3JmH0f+7T9DndZD3oFc=
14,-18,iMGC8N4GOtYrfcL7xMxxFi4A4gc=,fRMzScNKNWE1ysq+13ON9K8c+k4=
13,-17,iMGC8N4GOtYrfcL7xMxxFi4A4gc=,fRMzScNKNWE1ysq+13ON9K8c+k4=
12,-18,iMGC8N4GOtYrfcL7xMxxFi4A4gc=,fRMzScNKNWE1ysq+13ON9K8c+k4=
14,-17,iMGC8N4GOtYrfcL7xMxxFi4A4gc=,fRMzScNKNWE1ysq+13ON9K8c+k4=
15,-18,iMGC8N4GOtYrfcL7xMxxFi4A4gc=,fRMzScNKNWE1ysq+13ON9K8c+k4=
3,-17,iMGC8N4GOtYrfcL7xMxxFi4A4gc=,H4sUn2DT3JmH0f+7T9DndZD3oFc=
15,-17,iMGC8N4GOtYrfcL7xMxxFi4A4gc=,fRMzScNKNWE1ysq+13ON9K8c+k4=
0,-18,iMGC8N4GOtYrfcL7xMxxFi4A4gc=,H4sUn2DT3JmH0f+7T9DndZD3oFc=
2,-17,iMGC8N4GOtYrfcL7xMxxFi4A4gc=,H4sUn2DT3JmH0f+7T9DndZD3oFc=
12,-17,iMGC8N4GOtYrfcL7xMxxFi4A4gc=,fRMzScNKNWE1ysq+13ON9K8c+k4=
1,-17,iMGC8N4GOtYrfcL7xMxxFi4A4gc=,H4sUn2DT3JmH0f+7T9DndZD3oFc=
4,-12,1MPvXUfOqOCH3ynz+8YjP0Vpu6Y=,RcDIuGGJXr88xvQwiw7VoZdOnGA=
5,-7,eHGn4LZQBJT6shutZtEdUCxDgkQ=,blJ77ZpGMu15/WIxAg/1A5CKiwQ=
7,-9,eHGn4LZQBJT6shutZtEdUCxDgkQ=,RcDIuGGJXr88xvQwiw7VoZdOnGA=
6,-9,JVXXZw2nwwzYgvesGQo9FZaFCZo=,RcDIuGGJXr88xvQwiw7VoZdOnGA=
6,-7,JVXXZw2nwwzYgvesGQo9FZaFCZo=,blJ77ZpGMu15/WIxAg/1A5CKiwQ=
4,-6,JVXXZw2nwwzYgvesGQo9FZaFCZo=,blJ77ZpGMu15/WIxAg/1A5CKiwQ=
4,-7,JVXXZw2nwwzYgvesGQo9FZaFCZo=,blJ77ZpGMu15/WIxAg/1A5CKiwQ=
8,-8,JVXXZw2nwwzYgvesGQo9FZaFCZo=,IgS5zrECDz2AOco6WfkJPeFqVag=
9,-12,JVXXZw2nwwzYgvesGQo9FZaFCZo=,pqPoOzGjEkwkruJunTVzsvdqxxs=
10,-12,JVXXZw2nwwzYgvesGQo9FZaFCZo=,pqPoOzGjEkwkruJunTVzsvdqxxs=
5,-12,JVXXZw2nwwzYgvesGQo9FZaFCZo=,RcDIuGGJXr88xvQwiw7VoZdOnGA=
11,-9,JVXXZw2nwwzYgvesGQo9FZaFCZo=,pqPoOzGjEkwkruJunTVzsvdqxxs=
5,-9,JVXXZw2nwwzYgvesGQo9FZaFCZo=,RcDIuGGJXr88xvQwiw7VoZdOnGA=
6,-12,JVXXZw2nwwzYgvesGQo9FZaFCZo=,RcDIuGGJXr88xvQwiw7VoZdOnGA=
7,-12,b1guw8I7DlgBNMA2pGrRma5jewk=,RcDIuGGJXr88xvQwiw7VoZdOnGA=
5,-6,b1guw8I7DlgBNMA2pGrRma5jewk=,blJ77ZpGMu15/WIxAg/1A5CKiwQ=
4,-11,9RJyk57IaspszzRtuhW7oL5EvvY=,RcDIuGGJXr88xvQwiw7VoZdOnGA=
5,-11,9RJyk57IaspszzRtuhW7oL5EvvY=,RcDIuGGJXr88xvQwiw7VoZdOnGA=
6,-6,I9nP1vpwPTc0JbeDdcoszax7v4k=,blJ77ZpGMu15/WIxAg/1A5CKiwQ=
7,-11,I9nP1vpwPTc0JbeDdcoszax7v4k=,RcDIuGGJXr88xvQwiw7VoZdOnGA=
6,-11,I9nP1vpwPTc0JbeDdcoszax7v4k=,RcDIuGGJXr88xvQwiw7VoZdOnGA=
9,-8,I9nP1vpwPTc0JbeDdcoszax7v4k=,IgS5zrECDz2AOco6WfkJPeFqVag=
4,-5,I9nP1vpwPTc0JbeDdcoszax7v4k=,blJ77ZpGMu15/WIxAg/1A5CKiwQ=
10,-9,I9nP1vpwPTc0JbeDdcoszax7v4k=,pqPoOzGjEkwkruJunTVzsvdqxxs=
4,-9,JEFbvuGbtx9R5kxbppjX8uuiyQU=,RcDIuGGJXr88xvQwiw7VoZdOnGA=
5,-5,JEFbvuGbtx9R5kxbppjX8uuiyQU=,blJ77ZpGMu15/WIxAg/1A5CKiwQ=
9,-11,WyYAsZBlZMHJw1oY6AflZFu0TLU=,pqPoOzGjEkwkruJunTVzsvdqxxs=
11,-12,WyYAsZBlZMHJw1oY6AflZFu0TLU=,pqPoOzGjEkwkruJunTVzsvdqxxs=
6,-5,WyYAsZBlZMHJw1oY6AflZFu0TLU=,blJ77ZpGMu15/WIxAg/1A5CKiwQ=
5,-10,oq0qC+FimoEcIWWtVV+uBGfJ0kU=,RcDIuGGJXr88xvQwiw7VoZdOnGA=
6,-10,oq0qC+FimoEcIWWtVV+uBGfJ0kU=,RcDIuGGJXr88xvQwiw7VoZdOnGA=
4,-10,oq0qC+FimoEcIWWtVV+uBGfJ0kU=,RcDIuGGJXr88xvQwiw7VoZdOnGA=
7,-10,oq0qC+FimoEcIWWtVV+uBGfJ0kU=,RcDIuGGJXr88xvQwiw7VoZdOnGA=
5,-8,oq0qC+FimoEcIWWtVV+uBGfJ0kU=,blJ77ZpGMu15/WIxAg/1A5CKiwQ=
6,-8,oq0qC+FimoEcIWWtVV+uBGfJ0kU=,blJ77ZpGMu15/WIxAg/1A5CKiwQ=
10,-8,oq0qC+FimoEcIWWtVV+uBGfJ0kU=,IgS5zrECDz2AOco6WfkJPeFqVag=
9,-9,oq0qC+FimoEcIWWtVV+uBGfJ0kU=,pqPoOzGjEkwkruJunTVzsvdqxxs=
4,-8,oq0qC+FimoEcIWWtVV+uBGfJ0kU=,blJ77ZpGMu15/WIxAg/1A5CKiwQ=
7,-8,oq0qC+FimoEcIWWtVV+uBGfJ0kU=,blJ77ZpGMu15/WIxAg/1A5CKiwQ=
7,-7,oq0qC+FimoEcIWWtVV+uBGfJ0kU=,blJ77ZpGMu15/WIxAg/1A5CKiwQ=
10,-11,oq0qC+FimoEcIWWtVV+uBGfJ0kU=,pqPoOzGjEkwkruJunTVzsvdqxxs=
7,-6,oq0qC+FimoEcIWWtVV+uBGfJ0kU=,blJ77ZpGMu15/WIxAg/1A5CKiwQ=
10,-7,oq0qC+FimoEcIWWtVV+uBGfJ0kU=,IgS5zrECDz2AOco6WfkJPeFqVag=
11,-11,oq0qC+FimoEcIWWtVV+uBGfJ0kU=,pqPoOzGjEkwkruJunTVzsvdqxxs=
8,-9,oq0qC+FimoEcIWWtVV+uBGfJ0kU=,pqPoOzGjEkwkruJunTVzsvdqxxs=
8,-7,oq0qC+FimoEcIWWtVV+uBGfJ0kU=,IgS5zrECDz2AOco6WfkJPeFqVag=
9,-10,oq0qC+FimoEcIWWtVV+uBGfJ0kU=,pqPoOzGjEkwkruJunTVzsvdqxxs=
10,-10,oq0qC+FimoEcIWWtVV+uBGfJ0kU=,pqPoOzGjEkwkruJunTVzsvdqxxs=
7,-5,oq0qC+FimoEcIWWtVV+uBGfJ0kU=,blJ77ZpGMu15/WIxAg/1A5CKiwQ=
8,-11,oq0qC+FimoEcIWWtVV+uBGfJ0kU=,pqPoOzGjEkwkruJunTVzsvdqxxs=
8,-12,oq0qC+FimoEcIWWtVV+uBGfJ0kU=,pqPoOzGjEkwkruJunTVzsvdqxxs=
11,-7,oq0qC+FimoEcIWWtVV+uBGfJ0kU=,IgS5zrECDz2AOco6WfkJPeFqVag=
8,-10,oq0qC+FimoEcIWWtVV+uBGfJ0kU=,pqPoOzGjEkwkruJunTVzsvdqxxs=
11,-10,oq0qC+FimoEcIWWtVV+uBGfJ0kU=,pqPoOzGjEkwkruJunTVzsvdqxxs=
8,-6,oq0qC+FimoEcIWWtVV+uBGfJ0kU=,IgS5zrECDz2AOco6WfkJPeFqVag=
8,-5,oq0qC+FimoEcIWWtVV+uBGfJ0kU=,IgS5zrECDz2AOco6WfkJPeFqVag=
9,-5,oq0qC+FimoEcIWWtVV+uBGfJ0kU=,IgS5zrECDz2AOco6WfkJPeFqVag=
10,-5,oq0qC+FimoEcIWWtVV+uBGfJ0kU=,IgS5zrECDz2AOco6WfkJPeFqVag=
11,-5,oq0qC+FimoEcIWWtVV+uBGfJ0kU=,IgS5zrECDz2AOco6WfkJPeFqVag=
11,-8,oq0qC+FimoEcIWWtVV+uBGfJ0kU=,IgS5zrECDz2AOco6WfkJPeFqVag=
11,-6,oq0qC+FimoEcIWWtVV+uBGfJ0kU=,IgS5zrECDz2AOco6WfkJPeFqVag=
9,-7,oq0qC+FimoEcIWWtVV+uBGfJ0kU=,IgS5zrECDz2AOco6WfkJPeFqVag=
9,-6,oq0qC+FimoEcIWWtVV+uBGfJ0kU=,IgS5zrECDz2AOco6WfkJPeFqVag=
10,-6,oq0qC+FimoEcIWWtVV+uBGfJ0kU=,IgS5zrECDz2AOco6WfkJPeFqVag=
15,-12,oq0qC+FimoEcIWWtVV+uBGfJ0kU=,pqPoOzGjEkwkruJunTVzsvdqxxs=
13,-15,oq0qC+FimoEcIWWtVV+uBGfJ0kU=,pqPoOzGjEkwkruJunTVzsvdqxxs=
15,-14,oq0qC+FimoEcIWWtVV+uBGfJ0kU=,pqPoOzGjEkwkruJunTVzsvdqxxs=
14,-15,oq0qC+FimoEcIWWtVV+uBGfJ0kU=,pqPoOzGjEkwkruJunTVzsvdqxxs=
15,-11,oq0qC+FimoEcIWWtVV+uBGfJ0kU=,pqPoOzGjEkwkruJunTVzsvdqxxs=
15,-13,oq0qC+FimoEcIWWtVV+uBGfJ0kU=,pqPoOzGjEkwkruJunTVzsvdqxxs=
15,-9,oq0qC+FimoEcIWWtVV+uBGfJ0kU=,pqPoOzGjEkwkruJunTVzsvdqxxs=
12,-14,oq0qC+FimoEcIWWtVV+uBGfJ0kU=,pqPoOzGjEkwkruJunTVzsvdqxxs=
12,-15,oq0qC+FimoEcIWWtVV+uBGfJ0kU=,pqPoOzGjEkwkruJunTVzsvdqxxs=
15,-16,oq0qC+FimoEcIWWtVV+uBGfJ0kU=,pqPoOzGjEkwkruJunTVzsvdqxxs=
13,-14,oq0qC+FimoEcIWWtVV+uBGfJ0kU=,pqPoOzGjEkwkruJunTVzsvdqxxs=
15,-10,oq0qC+FimoEcIWWtVV+uBGfJ0kU=,pqPoOzGjEkwkruJunTVzsvdqxxs=
13,-13,oq0qC+FimoEcIWWtVV+uBGfJ0kU=,pqPoOzGjEkwkruJunTVzsvdqxxs=
15,-8,oq0qC+FimoEcIWWtVV+uBGfJ0kU=,IgS5zrECDz2AOco6WfkJPeFqVag=
14,-14,oq0qC+FimoEcIWWtVV+uBGfJ0kU=,pqPoOzGjEkwkruJunTVzsvdqxxs=
14,-13,oq0qC+FimoEcIWWtVV+uBGfJ0kU=,pqPoOzGjEkwkruJunTVzsvdqxxs=
12,-12,oq0qC+FimoEcIWWtVV+uBGfJ0kU=,pqPoOzGjEkwkruJunTVzsvdqxxs=
15,-15,oq0qC+FimoEcIWWtVV+uBGfJ0kU=,pqPoOzGjEkwkruJunTVzsvdqxxs=
13,-12,oq0qC+FimoEcIWWtVV+uBGfJ0kU=,pqPoOzGjEkwkruJunTVzsvdqxxs=
12,-13,oq0qC+FimoEcIWWtVV+uBGfJ0kU=,pqPoOzGjEkwkruJunTVzsvdqxxs=
14,-12,oq0qC+FimoEcIWWtVV+uBGfJ0kU=,pqPoOzGjEkwkruJunTVzsvdqxxs=
13,-10,oq0qC+FimoEcIWWtVV+uBGfJ0kU=,pqPoOzGjEkwkruJunTVzsvdqxxs=
12,-11,oq0qC+FimoEcIWWtVV+uBGfJ0kU=,pqPoOzGjEkwkruJunTVzsvdqxxs=
12,-10,oq0qC+FimoEcIWWtVV+uBGfJ0kU=,pqPoOzGjEkwkruJunTVzsvdqxxs=
13,-11,oq0qC+FimoEcIWWtVV+uBGfJ0kU=,pqPoOzGjEkwkruJunTVzsvdqxxs=
14,-11,oq0qC+FimoEcIWWtVV+uBGfJ0kU=,pqPoOzGjEkwkruJunTVzsvdqxxs=
7,-3,oq0qC+FimoEcIWWtVV+uBGfJ0kU=,blJ77ZpGMu15/WIxAg/1A5CKiwQ=
15,-5,oq0qC+FimoEcIWWtVV+uBGfJ0kU=,IgS5zrECDz2AOco6WfkJPeFqVag=
7,-1,oq0qC+FimoEcIWWtVV+uBGfJ0kU=,blJ77ZpGMu15/WIxAg/1A5CKiwQ=
14,-10,oq0qC+FimoEcIWWtVV+uBGfJ0kU=,pqPoOzGjEkwkruJunTVzsvdqxxs=
12,-6,oq0qC+FimoEcIWWtVV+uBGfJ0kU=,IgS5zrECDz2AOco6WfkJPeFqVag=
12,-8,oq0qC+FimoEcIWWtVV+uBGfJ0kU=,IgS5zrECDz2AOco6WfkJPeFqVag=
13,-6,oq0qC+FimoEcIWWtVV+uBGfJ0kU=,IgS5zrECDz2AOco6WfkJPeFqVag=
12,-7,oq0qC+FimoEcIWWtVV+uBGfJ0kU=,IgS5zrECDz2AOco6WfkJPeFqVag=
13,-7,oq0qC+FimoEcIWWtVV+uBGfJ0kU=,IgS5zrECDz2AOco6WfkJPeFqVag=
13,-8,oq0qC+FimoEcIWWtVV+uBGfJ0kU=,IgS5zrECDz2AOco6WfkJPeFqVag=
7,-4,oq0qC+FimoEcIWWtVV+uBGfJ0kU=,blJ77ZpGMu15/WIxAg/1A5CKiwQ=
12,-9,oq0qC+FimoEcIWWtVV+uBGfJ0kU=,pqPoOzGjEkwkruJunTVzsvdqxxs=
14,-6,oq0qC+FimoEcIWWtVV+uBGfJ0kU=,IgS5zrECDz2AOco6WfkJPeFqVag=
13,-9,oq0qC+FimoEcIWWtVV+uBGfJ0kU=,pqPoOzGjEkwkruJunTVzsvdqxxs=
7,-2,oq0qC+FimoEcIWWtVV+uBGfJ0kU=,blJ77ZpGMu15/WIxAg/1A5CKiwQ=
13,-5,oq0qC+FimoEcIWWtVV+uBGfJ0kU=,IgS5zrECDz2AOco6WfkJPeFqVag=
12,-5,oq0qC+FimoEcIWWtVV+uBGfJ0kU=,IgS5zrECDz2AOco6WfkJPeFqVag=
14,-9,oq0qC+FimoEcIWWtVV+uBGfJ0kU=,pqPoOzGjEkwkruJunTVzsvdqxxs=
12,-16,oq0qC+FimoEcIWWtVV+uBGfJ0kU=,pqPoOzGjEkwkruJunTVzsvdqxxs=
14,-5,oq0qC+FimoEcIWWtVV+uBGfJ0kU=,IgS5zrECDz2AOco6WfkJPeFqVag=
14,-16,oq0qC+FimoEcIWWtVV+uBGfJ0kU=,pqPoOzGjEkwkruJunTVzsvdqxxs=
13,-16,oq0qC+FimoEcIWWtVV+uBGfJ0kU=,pqPoOzGjEkwkruJunTVzsvdqxxs=
14,-7,oq0qC+FimoEcIWWtVV+uBGfJ0kU=,IgS5zrECDz2AOco6WfkJPeFqVag=
14,-8,oq0qC+FimoEcIWWtVV+uBGfJ0kU=,IgS5zrECDz2AOco6WfkJPeFqVag=
5,-3,oq0qC+FimoEcIWWtVV+uBGfJ0kU=,blJ77ZpGMu15/WIxAg/1A5CKiwQ=
6,-3,oq0qC+FimoEcIWWtVV+uBGfJ0kU=,blJ77ZpGMu15/WIxAg/1A5CKiwQ=
5,-2,oq0qC+FimoEcIWWtVV+uBGfJ0kU=,blJ77ZpGMu15/WIxAg/1A5CKiwQ=
4,-2,oq0qC+FimoEcIWWtVV+uBGfJ0kU=,blJ77ZpGMu15/WIxAg/1A5CKiwQ=
4,-4,oq0qC+FimoEcIWWtVV+uBGfJ0kU=,blJ77ZpGMu15/WIxAg/1A5CKiwQ=
6,-2,oq0qC+FimoEcIWWtVV+uBGfJ0kU=,blJ77ZpGMu15/WIxAg/1A5CKiwQ=
4,-3,oq0qC+FimoEcIWWtVV+uBGfJ0kU=,blJ77ZpGMu15/WIxAg/1A5CKiwQ=
11,-1,oq0qC+FimoEcIWWtVV+uBGfJ0kU=,IgS5zrECDz2AOco6WfkJPeFqVag=
15,-6,oq0qC+FimoEcIWWtVV+uBGfJ0kU=,IgS5zrECDz2AOco6WfkJPeFqVag=
15,-7,oq0qC+FimoEcIWWtVV+uBGfJ0kU=,IgS5zrECDz2AOco6WfkJPeFqVag=
5,-4,oq0qC+FimoEcIWWtVV+uBGfJ0kU=,blJ77ZpGMu15/WIxAg/1A5CKiwQ=
6,-4,oq0qC+FimoEcIWWtVV+uBGfJ0kU=,blJ77ZpGMu15/WIxAg/1A5CKiwQ=
6,-1,oq0qC+FimoEcIWWtVV+uBGfJ0kU=,blJ77ZpGMu15/WIxAg/1A5CKiwQ=
5,-1,oq0qC+FimoEcIWWtVV+uBGfJ0kU=,blJ77ZpGMu15/WIxAg/1A5CKiwQ=
4,-1,oq0qC+FimoEcIWWtVV+uBGfJ0kU=,blJ77ZpGMu15/WIxAg/1A5CKiwQ=
0,-9,oq0qC+FimoEcIWWtVV+uBGfJ0kU=,RcDIuGGJXr88xvQwiw7VoZdOnGA=
8,-4,oq0qC+FimoEcIWWtVV+uBGfJ0kU=,IgS5zrECDz2AOco6WfkJPeFqVag=
10,-1,oq0qC+FimoEcIWWtVV+uBGfJ0kU=,IgS5zrECDz2AOco6WfkJPeFqVag=
8,-3,oq0qC+FimoEcIWWtVV+uBGfJ0kU=,IgS5zrECDz2AOco6WfkJPeFqVag=
9,-4,oq0qC+FimoEcIWWtVV+uBGfJ0kU=,IgS5zrECDz2AOco6WfkJPeFqVag=
10,-4,oq0qC+FimoEcIWWtVV+uBGfJ0kU=,IgS5zrECDz2AOco6WfkJPeFqVag=
9,-3,oq0qC+FimoEcIWWtVV+uBGfJ0kU=,IgS5zrECDz2AOco6WfkJPeFqVag=
1,-7,oq0qC+FimoEcIWWtVV+uBGfJ0kU=,blJ77ZpGMu15/WIxAg/1A5CKiwQ=
2,-7,oq0qC+FimoEcIWWtVV+uBGfJ0kU=,blJ77ZpGMu15/WIxAg/1A5CKiwQ=
3,-7,oq0qC+FimoEcIWWtVV+uBGfJ0kU=,blJ77ZpGMu15/WIxAg/1A5CKiwQ=
9,-1,oq0qC+FimoEcIWWtVV+uBGfJ0kU=,IgS5zrECDz2AOco6WfkJPeFqVag=
10,-3,oq0qC+FimoEcIWWtVV+uBGfJ0kU=,IgS5zrECDz2AOco6WfkJPeFqVag=
11,-4,oq0qC+FimoEcIWWtVV+uBGfJ0kU=,IgS5zrECDz2AOco6WfkJPeFqVag=
11,-3,oq0qC+FimoEcIWWtVV+uBGfJ0kU=,IgS5zrECDz2AOco6WfkJPeFqVag=
10,-2,oq0qC+FimoEcIWWtVV+uBGfJ0kU=,IgS5zrECDz2AOco6WfkJPeFqVag=
2,-6,oq0qC+FimoEcIWWtVV+uBGfJ0kU=,blJ77ZpGMu15/WIxAg/1A5CKiwQ=
0,-10,oq0qC+FimoEcIWWtVV+uBGfJ0kU=,RcDIuGGJXr88xvQwiw7VoZdOnGA=
11,-2,oq0qC+FimoEcIWWtVV+uBGfJ0kU=,IgS5zrECDz2AOco6WfkJPeFqVag=
8,-1,oq0qC+FimoEcIWWtVV+uBGfJ0kU=,IgS5zrECDz2AOco6WfkJPeFqVag=
9,-2,oq0qC+FimoEcIWWtVV+uBGfJ0kU=,IgS5zrECDz2AOco6WfkJPeFqVag=
1,-6,oq0qC+FimoEcIWWtVV+uBGfJ0kU=,blJ77ZpGMu15/WIxAg/1A5CKiwQ=
3,-6,oq0qC+FimoEcIWWtVV+uBGfJ0kU=,blJ77ZpGMu15/WIxAg/1A5CKiwQ=
3,-5,oq0qC+FimoEcIWWtVV+uBGfJ0kU=,blJ77ZpGMu15/WIxAg/1A5CKiwQ=
8,-2,oq0qC+FimoEcIWWtVV+uBGfJ0kU=,IgS5zrECDz2AOco6WfkJPeFqVag=
2,-5,oq0qC+FimoEcIWWtVV+uBGfJ0kU=,blJ77ZpGMu15/WIxAg/1A5CKiwQ=
0,-11,oq0qC+FimoEcIWWtVV+uBGfJ0kU=,RcDIuGGJXr88xvQwiw7VoZdOnGA=
1,-8,oq0qC+FimoEcIWWtVV+uBGfJ0kU=,blJ77ZpGMu15/WIxAg/1A5CKiwQ=
1,-5,oq0qC+FimoEcIWWtVV+uBGfJ0kU=,blJ77ZpGMu15/WIxAg/1A5CKiwQ=
2,-12,oq0qC+FimoEcIWWtVV+uBGfJ0kU=,RcDIuGGJXr88xvQwiw7VoZdOnGA=
3,-8,oq0qC+FimoEcIWWtVV+uBGfJ0kU=,blJ77ZpGMu15/WIxAg/1A5CKiwQ=
2,-8,oq0qC+FimoEcIWWtVV+uBGfJ0kU=,blJ77ZpGMu15/WIxAg/1A5CKiwQ=
1,-12,oq0qC+FimoEcIWWtVV+uBGfJ0kU=,RcDIuGGJXr88xvQwiw7VoZdOnGA=
1,-11,oq0qC+FimoEcIWWtVV+uBGfJ0kU=,RcDIuGGJXr88xvQwiw7VoZdOnGA=
2,-11,oq0qC+FimoEcIWWtVV+uBGfJ0kU=,RcDIuGGJXr88xvQwiw7VoZdOnGA=
3,-12,oq0qC+FimoEcIWWtVV+uBGfJ0kU=,RcDIuGGJXr88xvQwiw7VoZdOnGA=
3,-11,oq0qC+FimoEcIWWtVV+uBGfJ0kU=,RcDIuGGJXr88xvQwiw7VoZdOnGA=
1,-10,oq0qC+FimoEcIWWtVV+uBGfJ0kU=,RcDIuGGJXr88xvQwiw7VoZdOnGA=
0,-12,oq0qC+FimoEcIWWtVV+uBGfJ0kU=,RcDIuGGJXr88xvQwiw7VoZdOnGA=
3,-10,oq0qC+FimoEcIWWtVV+uBGfJ0kU=,RcDIuGGJXr88xvQwiw7VoZdOnGA=
2,-10,oq0qC+FimoEcIWWtVV+uBGfJ0kU=,RcDIuGGJXr88xvQwiw7VoZdOnGA=
2,-9,oq0qC+FimoEcIWWtVV+uBGfJ0kU=,RcDIuGGJXr88xvQwiw7VoZdOnGA=
1,-9,oq0qC+FimoEcIWWtVV+uBGfJ0kU=,RcDIuGGJXr88xvQwiw7VoZdOnGA=
0,-7,oq0qC+FimoEcIWWtVV+uBGfJ0kU=,blJ77ZpGMu15/WIxAg/1A5CKiwQ=
3,-9,oq0qC+FimoEcIWWtVV+uBGfJ0kU=,RcDIuGGJXr88xvQwiw7VoZdOnGA=
0,-5,oq0qC+FimoEcIWWtVV+uBGfJ0kU=,blJ77ZpGMu15/WIxAg/1A5CKiwQ=
0,-6,oq0qC+FimoEcIWWtVV+uBGfJ0kU=,blJ77ZpGMu15/WIxAg/1A5CKiwQ=
13,-1,oq0qC+FimoEcIWWtVV+uBGfJ0kU=,IgS5zrECDz2AOco6WfkJPeFqVag=
0,-8,oq0qC+FimoEcIWWtVV+uBGfJ0kU=,blJ77ZpGMu15/WIxAg/1A5CKiwQ=
13,-4,oq0qC+FimoEcIWWtVV+uBGfJ0kU=,IgS5zrECDz2AOco6WfkJPeFqVag=
14,-2,oq0qC+FimoEcIWWtVV+uBGfJ0kU=,IgS5zrECDz2AOco6WfkJPeFqVag=
12,-3,oq0qC+FimoEcIWWtVV+uBGfJ0kU=,IgS5zrECDz2AOco6WfkJPeFqVag=
13,-3,oq0qC+FimoEcIWWtVV+uBGfJ0kU=,IgS5zrECDz2AOco6WfkJPeFqVag=
15,-1,oq0qC+FimoEcIWWtVV+uBGfJ0kU=,IgS5zrECDz2AOco6WfkJPeFqVag=
12,-4,oq0qC+FimoEcIWWtVV+uBGfJ0kU=,IgS5zrECDz2AOco6WfkJPeFqVag=
13,-2,oq0qC+FimoEcIWWtVV+uBGfJ0kU=,IgS5zrECDz2AOco6WfkJPeFqVag=
12,-2,oq0qC+FimoEcIWWtVV+uBGfJ0kU=,IgS5zrECDz2AOco6WfkJPeFqVag=
14,-4,oq0qC+FimoEcIWWtVV+uBGfJ0kU=,IgS5zrECDz2AOco6WfkJPeFqVag=
14,-1,oq0qC+FimoEcIWWtVV+uBGfJ0kU=,IgS5zrECDz2AOco6WfkJPeFqVag=
14,-3,oq0qC+FimoEcIWWtVV+uBGfJ0kU=,IgS5zrECDz2AOco6WfkJPeFqVag=
15,-3,oq0qC+FimoEcIWWtVV+uBGfJ0kU=,IgS5zrECDz2AOco6WfkJPeFqVag=
15,-2,oq0qC+FimoEcIWWtVV+uBGfJ0kU=,IgS5zrECDz2AOco6WfkJPeFqVag=
15,-4,oq0qC+FimoEcIWWtVV+uBGfJ0kU=,IgS5zrECDz2AOco6WfkJPeFqVag=
12,-1,oq0qC+FimoEcIWWtVV+uBGfJ0kU=,IgS5zrECDz2AOco6WfkJPeFqVag=
5,-16,oq0qC+FimoEcIWWtVV+uBGfJ0kU=,RcDIuGGJXr88xvQwiw7VoZdOnGA=
6,-16,oq0qC+FimoEcIWWtVV+uBGfJ0kU=,RcDIuGGJXr88xvQwiw7VoZdOnGA=
7,-16,oq0qC+FimoEcIWWtVV+uBGfJ0kU=,RcDIuGGJXr88xvQwiw7VoZdOnGA=
5,-15,oq0qC+FimoEcIWWtVV+uBGfJ0kU=,RcDIuGGJXr88xvQwiw7VoZdOnGA=
4,-14,oq0qC+FimoEcIWWtVV+uBGfJ0kU=,RcDIuGGJXr88xvQwiw7VoZdOnGA=
4,-15,oq0qC+FimoEcIWWtVV+uBGfJ0kU=,RcDIuGGJXr88xvQwiw7VoZdOnGA=
6,-15,oq0qC+FimoEcIWWtVV+uBGfJ0kU=,RcDIuGGJXr88xvQwiw7VoZdOnGA=
7,-15,oq0qC+FimoEcIWWtVV+uBGfJ0kU=,RcDIuGGJXr88xvQwiw7VoZdOnGA=
8,-16,oq0qC+FimoEcIWWtVV+uBGfJ0kU=,pqPoOzGjEkwkruJunTVzsvdqxxs=
5,-14,oq0qC+FimoEcIWWtVV+uBGfJ0kU=,RcDIuGGJXr88xvQwiw7VoZdOnGA=
4,-16,oq0qC+FimoEcIWWtVV+uBGfJ0kU=,RcDIuGGJXr88xvQwiw7VoZdOnGA=
6,-14,oq0qC+FimoEcIWWtVV+uBGfJ0kU=,RcDIuGGJXr88xvQwiw7VoZdOnGA=
4,-13,oq0qC+FimoEcIWWtVV+uBGfJ0kU=,RcDIuGGJXr88xvQwiw7VoZdOnGA=
7,-14,oq0qC+FimoEcIWWtVV+uBGfJ0kU=,RcDIuGGJXr88xvQwiw7VoZdOnGA=
9,-15,oq0qC+FimoEcIWWtVV+uBGfJ0kU=,pqPoOzGjEkwkruJunTVzsvdqxxs=
7,-13,oq0qC+FimoEcIWWtVV+uBGfJ0kU=,RcDIuGGJXr88xvQwiw7VoZdOnGA=
0,-16,oq0qC+FimoEcIWWtVV+uBGfJ0kU=,RcDIuGGJXr88xvQwiw7VoZdOnGA=
1,-14,oq0qC+FimoEcIWWtVV+uBGfJ0kU=,RcDIuGGJXr88xvQwiw7VoZdOnGA=
10,-15,oq0qC+FimoEcIWWtVV+uBGfJ0kU=,pqPoOzGjEkwkruJunTVzsvdqxxs=
11,-15,oq0qC+FimoEcIWWtVV+uBGfJ0kU=,pqPoOzGjEkwkruJunTVzsvdqxxs=
6,-13,oq0qC+FimoEcIWWtVV+uBGfJ0kU=,RcDIuGGJXr88xvQwiw7VoZdOnGA=
10,-14,oq0qC+FimoEcIWWtVV+uBGfJ0kU=,pqPoOzGjEkwkruJunTVzsvdqxxs=
11,-16,oq0qC+FimoEcIWWtVV+uBGfJ0kU=,pqPoOzGjEkwkruJunTVzsvdqxxs=
3,-16,oq0qC+FimoEcIWWtVV+uBGfJ0kU=,RcDIuGGJXr88xvQwiw7VoZdOnGA=
9,-14,oq0qC+FimoEcIWWtVV+uBGfJ0kU=,pqPoOzGjEkwkruJunTVzsvdqxxs=
9,-13,oq0qC+FimoEcIWWtVV+uBGfJ0kU=,pqPoOzGjEkwkruJunTVzsvdqxxs=
11,-14,oq0qC+FimoEcIWWtVV+uBGfJ0kU=,pqPoOzGjEkwkruJunTVzsvdqxxs=
5,-13,oq0qC+FimoEcIWWtVV+uBGfJ0kU=,RcDIuGGJXr88xvQwiw7VoZdOnGA=
2,-14,oq0qC+FimoEcIWWtVV+uBGfJ0kU=,RcDIuGGJXr88xvQwiw7VoZdOnGA=
3,-14,oq0qC+FimoEcIWWtVV+uBGfJ0kU=,RcDIuGGJXr88xvQwiw7VoZdOnGA=
10,-13,oq0qC+FimoEcIWWtVV+uBGfJ0kU=,pqPoOzGjEkwkruJunTVzsvdqxxs=
2,-16,oq0qC+FimoEcIWWtVV+uBGfJ0kU=,RcDIuGGJXr88xvQwiw7VoZdOnGA=
10,-16,oq0qC+FimoEcIWWtVV+uBGfJ0kU=,pqPoOzGjEkwkruJunTVzsvdqxxs=
1,-4,oq0qC+FimoEcIWWtVV+uBGfJ0kU=,blJ77ZpGMu15/WIxAg/1A5CKiwQ=
2,-4,oq0qC+FimoEcIWWtVV+uBGfJ0kU=,blJ77ZpGMu15/WIxAg/1A5CKiwQ=
11,-13,oq0qC+FimoEcIWWtVV+uBGfJ0kU=,pqPoOzGjEkwkruJunTVzsvdqxxs=
1,-16,oq0qC+FimoEcIWWtVV+uBGfJ0kU=,RcDIuGGJXr88xvQwiw7VoZdOnGA=
3,-4,oq0qC+FimoEcIWWtVV+uBGfJ0kU=,blJ77ZpGMu15/WIxAg/1A5CKiwQ=
8,-15,oq0qC+FimoEcIWWtVV+uBGfJ0kU=,pqPoOzGjEkwkruJunTVzsvdqxxs=
9,-16,oq0qC+FimoEcIWWtVV+uBGfJ0kU=,pqPoOzGjEkwkruJunTVzsvdqxxs=
2,-13,oq0qC+FimoEcIWWtVV+uBGfJ0kU=,RcDIuGGJXr88xvQwiw7VoZdOnGA=
1,-13,oq0qC+FimoEcIWWtVV+uBGfJ0kU=,RcDIuGGJXr88xvQwiw7VoZdOnGA=
0,-15,oq0qC+FimoEcIWWtVV+uBGfJ0kU=,RcDIuGGJXr88xvQwiw7VoZdOnGA=
3,-13,oq0qC+FimoEcIWWtVV+uBGfJ0kU=,RcDIuGGJXr88xvQwiw7VoZdOnGA=
8,-13,oq0qC+FimoEcIWWtVV+uBGfJ0kU=,pqPoOzGjEkwkruJunTVzsvdqxxs=
8,-14,oq0qC+FimoEcIWWtVV+uBGfJ0kU=,pqPoOzGjEkwkruJunTVzsvdqxxs=
1,-3,oq0qC+FimoEcIWWtVV+uBGfJ0kU=,blJ77ZpGMu15/WIxAg/1A5CKiwQ=
2,-3,oq0qC+FimoEcIWWtVV+uBGfJ0kU=,blJ77ZpGMu15/WIxAg/1A5CKiwQ=
3,-15,oq0qC+FimoEcIWWtVV+uBGfJ0kU=,RcDIuGGJXr88xvQwiw7VoZdOnGA=
0,-1,oq0qC+FimoEcIWWtVV+uBGfJ0kU=,blJ77ZpGMu15/WIxAg/1A5CKiwQ=
1,-15,oq0qC+FimoEcIWWtVV+uBGfJ0kU=,RcDIuGGJXr88xvQwiw7VoZdOnGA=
2,-15,oq0qC+FimoEcIWWtVV+uBGfJ0kU=,RcDIuGGJXr88xvQwiw7VoZdOnGA=
0,-13,oq0qC+FimoEcIWWtVV+uBGfJ0kU=,RcDIuGGJXr88xvQwiw7VoZdOnGA=
0,-14,oq0qC+FimoEcIWWtVV+uBGfJ0kU=,RcDIuGGJXr88xvQwiw7VoZdOnGA=
3,-3,oq0qC+FimoEcIWWtVV+uBGfJ0kU=,blJ77ZpGMu15/WIxAg/1A5CKiwQ=
1,-1,oq0qC+FimoEcIWWtVV+uBGfJ0kU=,blJ77ZpGMu15/WIxAg/1A5CKiwQ=
2,-1,oq0qC+FimoEcIWWtVV+uBGfJ0kU=,blJ77ZpGMu15/WIxAg/1A5CKiwQ=
3,-1,oq0qC+FimoEcIWWtVV+uBGfJ0kU=,blJ77ZpGMu15/WIxAg/1A5CKiwQ=
1,-2,oq0qC+FimoEcIWWtVV+uBGfJ0kU=,blJ77ZpGMu15/WIxAg/1A5CKiwQ=
2,-2,oq0qC+FimoEcIWWtVV+uBGfJ0kU=,blJ77ZpGMu15/WIxAg/1A5CKiwQ=
3,-2,oq0qC+FimoEcIWWtVV+uBGfJ0kU=,blJ77ZpGMu15/WIxAg/1A5CKiwQ=
0,-4,oq0qC+FimoEcIWWtVV+uBGfJ0kU=,blJ77ZpGMu15/WIxAg/1A5CKiwQ=
0,-2,oq0qC+FimoEcIWWtVV+uBGfJ0kU=,blJ77ZpGMu15/WIxAg/1A5CKiwQ=
0,-3,oq0qC+FimoEcIWWtVV+uBGfJ0kU=,blJ77ZpGMu15/WIxAg/1A5CKiwQ=
