-111,-129,7gRW8PeIq/fdoN627Ia0HV8XWXI=,gp9gbj8O5lszVx0IDviCHnDUrqI=
-106,-133,mqK7Y/nXcHuV7RhFjIS+76RmdM4=,gp9gbj8O5lszVx0IDviCHnDUrqI=
-108,-133,mqK7Y/nXcHuV7RhFjIS+76RmdM4=,gp9gbj8O5lszVx0IDviCHnDUrqI=
-107,-133,mqK7Y/nXcHuV7RhFjIS+76RmdM4=,gp9gbj8O5lszVx0IDviCHnDUrqI=
-109,-133,lTYLwRPEY1NxnXPucy4yyPA/bq8=,gp9gbj8O5lszVx0IDviCHnDUrqI=
-110,-133,lTYLwRPEY1NxnXPucy4yyPA/bq8=,gp9gbj8O5lszVx0IDviCHnDUrqI=
-111,-133,lTYLwRPEY1NxnXPucy4yyPA/bq8=,gp9gbj8O5lszVx0IDviCHnDUrqI=
-106,-134,lTYLwRPEY1NxnXPucy4yyPA/bq8=,gp9gbj8O5lszVx0IDviCHnDUrqI=
-107,-134,3cEFfKZX4EitBF89oTAHZqA25/U=,gp9gbj8O5lszVx0IDviCHnDUrqI=
-109,-134,3cEFfKZX4EitBF89oTAHZqA25/U=,gp9gbj8O5lszVx0IDviCHnDUrqI=
-108,-134,3cEFfKZX4EitBF89oTAHZqA25/U=,gp9gbj8O5lszVx0IDviCHnDUrqI=
-110,-134,3cEFfKZX4EitBF89oTAHZqA25/U=,gp9gbj8O5lszVx0IDviCHnDUrqI=
-111,-134,3cEFfKZX4EitBF89oTAHZqA25/U=,gp9gbj8O5lszVx0IDviCHnDUrqI=
-107,-132,3cEFfKZX4EitBF89oTAHZqA25/U=,gp9gbj8O5lszVx0IDviCHnDUrqI=
-108,-132,3cEFfKZX4EitBF89oTAHZqA25/U=,gp9gbj8O5lszVx0IDviCHnDUrqI=
-109,-132,3cEFfKZX4EitBF89oTAHZqA25/U=,gp9gbj8O5lszVx0IDviCHnDUrqI=
-106,-132,3cEFfKZX4EitBF89oTAHZqA25/U=,gp9gbj8O5lszVx0IDviCHnDUrqI=
-106,-135,3cEFfKZX4EitBF89oTAHZqA25/U=,gp9gbj8O5lszVx0IDviCHnDUrqI=
-110,-132,3cEFfKZX4EitBF89oTAHZqA25/U=,gp9gbj8O5lszVx0IDviCHnDUrqI=
-107,-135,3cEFfKZX4EitBF89oTAHZqA25/U=,gp9gbj8O5lszVx0IDviCHnDUrqI=
-108,-135,3cEFfKZX4EitBF89oTAHZqA25/U=,gp9gbj8O5lszVx0IDviCHnDUrqI=
-109,-135,3cEFfKZX4EitBF89oTAHZqA25/U=,gp9gbj8O5lszVx0IDviCHnDUrqI=
-110,-135,3cEFfKZX4EitBF89oTAHZqA25/U=,gp9gbj8O5lszVx0IDviCHnDUrqI=
-111,-135,3cEFfKZX4EitBF89oTAHZqA25/U=,gp9gbj8O5lszVx0IDviCHnDUrqI=
-109,-129,3cEFfKZX4EitBF89oTAHZqA25/U=,gp9gbj8O5lszVx0IDviCHnDUrqI=
-110,-129,3cEFfKZX4EitBF89oTAHZqA25/U=,gp9gbj8O5lszVx0IDviCHnDUrqI=
-111,-143,3cEFfKZX4EitBF89oTAHZqA25/U=,5ukRHQUuKkbJXXsjJ2/LEkQCGE4=
-110,-143,3cEFfKZX4EitBF89oTAHZqA25/U=,5ukRHQUuKkbJXXsjJ2/LEkQCGE4=
-109,-143,3cEFfKZX4EitBF89oTAHZqA25/U=,5ukRHQUuKkbJXXsjJ2/LEkQCGE4=
-108,-143,3cEFfKZX4EitBF89oTAHZqA25/U=,5ukRHQUuKkbJXXsjJ2/LEkQCGE4=
-107,-143,3cEFfKZX4EitBF89oTAHZqA25/U=,5ukRHQUuKkbJXXsjJ2/LEkQCGE4=
-106,-143,3cEFfKZX4EitBF89oTAHZqA25/U=,5ukRHQUuKkbJXXsjJ2/LEkQCGE4=
-111,-142,3cEFfKZX4EitBF89oTAHZqA25/U=,5ukRHQUuKkbJXXsjJ2/LEkQCGE4=
-110,-142,3cEFfKZX4EitBF89oTAHZqA25/U=,5ukRHQUuKkbJXXsjJ2/LEkQCGE4=
-108,-142,3cEFfKZX4EitBF89oTAHZqA25/U=,5ukRHQUuKkbJXXsjJ2/LEkQCGE4=
-106,-142,3cEFfKZX4EitBF89oTAHZqA25/U=,5ukRHQUuKkbJXXsjJ2/LEkQCGE4=
-111,-141,3cEFfKZX4EitBF89oTAHZqA25/U=,5ukRHQUuKkbJXXsjJ2/LEkQCGE4=
-109,-142,3cEFfKZX4EitBF89oTAHZqA25/U=,5ukRHQUuKkbJXXsjJ2/LEkQCGE4=
-109,-141,3cEFfKZX4EitBF89oTAHZqA25/U=,5ukRHQUuKkbJXXsjJ2/LEkQCGE4=
-107,-142,3cEFfKZX4EitBF89oTAHZqA25/U=,5ukRHQUuKkbJXXsjJ2/LEkQCGE4=
-110,-141,3cEFfKZX4EitBF89oTAHZqA25/U=,5ukRHQUuKkbJXXsjJ2/LEkQCGE4=
-108,-141,3cEFfKZX4EitBF89oTAHZqA25/U=,5ukRHQUuKkbJXXsjJ2/LEkQCGE4=
-107,-141,3cEFfKZX4EitBF89oTAHZqA25/U=,5ukRHQUuKkbJXXsjJ2/LEkQCGE4=
-106,-139,3cEFfKZX4EitBF89oTAHZqA25/U=,5ukRHQUuKkbJXXsjJ2/LEkQCGE4=
-108,-139,3cEFfKZX4EitBF89oTAHZqA25/U=,5ukRHQUuKkbJXXsjJ2/LEkQCGE4=
-107,-139,3cEFfKZX4EitBF89oTAHZqA25/U=,5ukRHQUuKkbJXXsjJ2/LEkQCGE4=
-106,-141,3cEFfKZX4EitBF89oTAHZqA25/U=,5ukRHQUuKkbJXXsjJ2/LEkQCGE4=
-111,-140,3cEFfKZX4EitBF89oTAHZqA25/U=,5ukRHQUuKkbJXXsjJ2/LEkQCGE4=
-109,-136,3cEFfKZX4EitBF89oTAHZqA25/U=,gp9gbj8O5lszVx0IDviCHnDUrqI=
-106,-140,3cEFfKZX4EitBF89oTAHZqA25/U=,5ukRHQUuKkbJXXsjJ2/LEkQCGE4=
-110,-140,3cEFfKZX4EitBF89oTAHZqA25/U=,5ukRHQUuKkbJXXsjJ2/LEkQCGE4=
-109,-140,3cEFfKZX4EitBF89oTAHZqA25/U=,5ukRHQUuKkbJXXsjJ2/LEkQCGE4=
-108,-140,3cEFfKZX4EitBF89oTAHZqA25/U=,5ukRHQUuKkbJXXsjJ2/LEkQCGE4=
-110,-136,3cEFfKZX4EitBF89oTAHZqA25/U=,gp9gbj8O5lszVx0IDviCHnDUrqI=
-111,-136,3cEFfKZX4EitBF89oTAHZqA25/U=,gp9gbj8O5lszVx0IDviCHnDUrqI=
-104,-142,3cEFfKZX4EitBF89oTAHZqA25/U=,9vqAQEeF2iE6RKytasO5c2IFcmQ=
-107,-140,3cEFfKZX4EitBF89oTAHZqA25/U=,5ukRHQUuKkbJXXsjJ2/LEkQCGE4=
-101,-142,3cEFfKZX4EitBF89oTAHZqA25/U=,9vqAQEeF2iE6RKytasO5c2IFcmQ=
-102,-142,3cEFfKZX4EitBF89oTAHZqA25/U=,9vqAQEeF2iE6RKytasO5c2IFcmQ=
-100,-142,3cEFfKZX4EitBF89oTAHZqA25/U=,9vqAQEeF2iE6RKytasO5c2IFcmQ=
-98,-142,3cEFfKZX4EitBF89oTAHZqA25/U=,9vqAQEeF2iE6RKytasO5c2IFcmQ=
-99,-142,3cEFfKZX4EitBF89oTAHZqA25/U=,9vqAQEeF2iE6RKytasO5c2IFcmQ=
-104,-141,3cEFfKZX4EitBF89oTAHZqA25/U=,9vqAQEeF2iE6RKytasO5c2IFcmQ=
-105,-143,3cEFfKZX4EitBF89oTAHZqA25/U=,5ukRHQUuKkbJXXsjJ2/LEkQCGE4=
-103,-142,3cEFfKZX4EitBF89oTAHZqA25/U=,9vqAQEeF2iE6RKytasO5c2IFcmQ=
-103,-141,3cEFfKZX4EitBF89oTAHZqA25/U=,9vqAQEeF2iE6RKytasO5c2IFcmQ=
-102,-141,3cEFfKZX4EitBF89oTAHZqA25/U=,9vqAQEeF2iE6RKytasO5c2IFcmQ=
-100,-141,3cEFfKZX4EitBF89oTAHZqA25/U=,9vqAQEeF2iE6RKytasO5c2IFcmQ=
-101,-141,3cEFfKZX4EitBF89oTAHZqA25/U=,9vqAQEeF2iE6RKytasO5c2IFcmQ=
-99,-141,3cEFfKZX4EitBF89oTAHZqA25/U=,9vqAQEeF2iE6RKytasO5c2IFcmQ=
-98,-141,3cEFfKZX4EitBF89oTAHZqA25/U=,9vqAQEeF2iE6RKytasO5c2IFcmQ=
-104,-140,3cEFfKZX4EitBF89oTAHZqA25/U=,9vqAQEeF2iE6RKytasO5c2IFcmQ=
-103,-140,3cEFfKZX4EitBF89oTAHZqA25/U=,9vqAQEeF2iE6RKytasO5c2IFcmQ=
-101,-140,3cEFfKZX4EitBF89oTAHZqA25/U=,9vqAQEeF2iE6RKytasO5c2IFcmQ=
-102,-140,3cEFfKZX4EitBF89oTAHZqA25/U=,9vqAQEeF2iE6RKytasO5c2IFcmQ=
-100,-140,3cEFfKZX4EitBF89oTAHZqA25/U=,9vqAQEeF2iE6RKytasO5c2IFcmQ=
-98,-140,3cEFfKZX4EitBF89oTAHZqA25/U=,9vqAQEeF2iE6RKytasO5c2IFcmQ=
-99,-140,3cEFfKZX4EitBF89oTAHZqA25/U=,9vqAQEeF2iE6RKytasO5c2IFcmQ=
-103,-139,3cEFfKZX4EitBF89oTAHZqA25/U=,9vqAQEeF2iE6RKytasO5c2IFcmQ=
-104,-139,3cEFfKZX4EitBF89oTAHZqA25/U=,9vqAQEeF2iE6RKytasO5c2IFcmQ=
-101,-139,3cEFfKZX4EitBF89oTAHZqA25/U=,9vqAQEeF2iE6RKytasO5c2IFcmQ=
-102,-139,3cEFfKZX4EitBF89oTAHZqA25/U=,9vqAQEeF2iE6RKytasO5c2IFcmQ=
-100,-139,3cEFfKZX4EitBF89oTAHZqA25/U=,9vqAQEeF2iE6RKytasO5c2IFcmQ=
-99,-139,3cEFfKZX4EitBF89oTAHZqA25/U=,9vqAQEeF2iE6RKytasO5c2IFcmQ=
-105,-142,3cEFfKZX4EitBF89oTAHZqA25/U=,5ukRHQUuKkbJXXsjJ2/LEkQCGE4=
-105,-141,3cEFfKZX4EitBF89oTAHZqA25/U=,5ukRHQUuKkbJXXsjJ2/LEkQCGE4=
-98,-143,3cEFfKZX4EitBF89oTAHZqA25/U=,9vqAQEeF2iE6RKytasO5c2IFcmQ=
-99,-143,3cEFfKZX4EitBF89oTAHZqA25/U=,9vqAQEeF2iE6RKytasO5c2IFcmQ=
-100,-143,3cEFfKZX4EitBF89oTAHZqA25/U=,9vqAQEeF2iE6RKytasO5c2IFcmQ=
-101,-143,3cEFfKZX4EitBF89oTAHZqA25/U=,9vqAQEeF2iE6RKytasO5c2IFcmQ=
-105,-140,3cEFfKZX4EitBF89oTAHZqA25/U=,5ukRHQUuKkbJXXsjJ2/LEkQCGE4=
-102,-143,3cEFfKZX4EitBF89oTAHZqA25/U=,9vqAQEeF2iE6RKytasO5c2IFcmQ=
-103,-143,3cEFfKZX4EitBF89oTAHZqA25/U=,9vqAQEeF2iE6RKytasO5c2IFcmQ=
-104,-135,3cEFfKZX4EitBF89oTAHZqA25/U=,AGQG+QJb/Dy+MeguxnFh1G8v6tk=
-104,-143,3cEFfKZX4EitBF89oTAHZqA25/U=,9vqAQEeF2iE6RKytasO5c2IFcmQ=
-103,-135,3cEFfKZX4EitBF89oTAHZqA25/U=,AGQG+QJb/Dy+MeguxnFh1G8v6tk=
-104,-134,3cEFfKZX4EitBF89oTAHZqA25/U=,AGQG+QJb/Dy+MeguxnFh1G8v6tk=
-103,-131,3cEFfKZX4EitBF89oTAHZqA25/U=,AGQG+QJb/Dy+MeguxnFh1G8v6tk=
-103,-134,3cEFfKZX4EitBF89oTAHZqA25/U=,AGQG+QJb/Dy+MeguxnFh1G8v6tk=
-104,-132,3cEFfKZX4EitBF89oTAHZqA25/U=,AGQG+QJb/Dy+MeguxnFh1G8v6tk=
-101,-135,3cEFfKZX4EitBF89oTAHZqA25/U=,AGQG+QJb/Dy+MeguxnFh1G8v6tk=
-100,-135,3cEFfKZX4EitBF89oTAHZqA25/U=,AGQG+QJb/Dy+MeguxnFh1G8v6tk=
-103,-132,3cEFfKZX4EitBF89oTAHZqA25/U=,AGQG+QJb/Dy+MeguxnFh1G8v6tk=
-104,-133,3cEFfKZX4EitBF89oTAHZqA25/U=,AGQG+QJb/Dy+MeguxnFh1G8v6tk=
-99,-135,3cEFfKZX4EitBF89oTAHZqA25/U=,AGQG+QJb/Dy+MeguxnFh1G8v6tk=
-102,-133,3cEFfKZX4EitBF89oTAHZqA25/U=,AGQG+QJb/Dy+MeguxnFh1G8v6tk=
-103,-133,3cEFfKZX4EitBF89oTAHZqA25/U=,AGQG+QJb/Dy+MeguxnFh1G8v6tk=
-100,-133,3cEFfKZX4EitBF89oTAHZqA25/U=,AGQG+QJb/Dy+MeguxnFh1G8v6tk=
-101,-133,3cEFfKZX4EitBF89oTAHZqA25/U=,AGQG+QJb/Dy+MeguxnFh1G8v6tk=
-99,-133,3cEFfKZX4EitBF89oTAHZqA25/U=,AGQG+QJb/Dy+MeguxnFh1G8v6tk=
-98,-135,3cEFfKZX4EitBF89oTAHZqA25/U=,AGQG+QJb/Dy+MeguxnFh1G8v6tk=
-105,-133,3cEFfKZX4EitBF89oTAHZqA25/U=,gp9gbj8O5lszVx0IDviCHnDUrqI=
-98,-133,3cEFfKZX4EitBF89oTAHZqA25/U=,AGQG+QJb/Dy+MeguxnFh1G8v6tk=
-105,-134,3cEFfKZX4EitBF89oTAHZqA25/U=,gp9gbj8O5lszVx0IDviCHnDUrqI=
-102,-134,3cEFfKZX4EitBF89oTAHZqA25/U=,AGQG+QJb/Dy+MeguxnFh1G8v6tk=
-105,-132,3cEFfKZX4EitBF89oTAHZqA25/U=,gp9gbj8O5lszVx0IDviCHnDUrqI=
-98,-132,3cEFfKZX4EitBF89oTAHZqA25/U=,AGQG+QJb/Dy+MeguxnFh1G8v6tk=
-105,-135,3cEFfKZX4EitBF89oTAHZqA25/U=,gp9gbj8O5lszVx0IDviCHnDUrqI=
-100,-132,3cEFfKZX4EitBF89oTAHZqA25/U=,AGQG+QJb/Dy+MeguxnFh1G8v6tk=
-99,-132,3cEFfKZX4EitBF89oTAHZqA25/U=,AGQG+QJb/Dy+MeguxnFh1G8v6tk=
-101,-132,3cEFfKZX4EitBF89oTAHZqA25/U=,AGQG+QJb/Dy+MeguxnFh1G8v6tk=
-98,-134,3cEFfKZX4EitBF89oTAHZqA25/U=,AGQG+QJb/Dy+MeguxnFh1G8v6tk=
-99,-134,3cEFfKZX4EitBF89oTAHZqA25/U=,AGQG+QJb/Dy+MeguxnFh1G8v6tk=
-100,-134,3cEFfKZX4EitBF89oTAHZqA25/U=,AGQG+QJb/Dy+MeguxnFh1G8v6tk=
-101,-134,3cEFfKZX4EitBF89oTAHZqA25/U=,AGQG+QJb/Dy+MeguxnFh1G8v6tk=
-103,-138,3cEFfKZX4EitBF89oTAHZqA25/U=,9vqAQEeF2iE6RKytasO5c2IFcmQ=
-102,-132,3cEFfKZX4EitBF89oTAHZqA25/U=,AGQG+QJb/Dy+MeguxnFh1G8v6tk=
-102,-135,3cEFfKZX4EitBF89oTAHZqA25/U=,AGQG+QJb/Dy+MeguxnFh1G8v6tk=
-106,-136,3cEFfKZX4EitBF89oTAHZqA25/U=,gp9gbj8O5lszVx0IDviCHnDUrqI=
-107,-136,3cEFfKZX4EitBF89oTAHZqA25/U=,gp9gbj8O5lszVx0IDviCHnDUrqI=
-104,-138,3cEFfKZX4EitBF89oTAHZqA25/U=,9vqAQEeF2iE6RKytasO5c2IFcmQ=
-105,-129,3cEFfKZX4EitBF89oTAHZqA25/U=,gp9gbj8O5lszVx0IDviCHnDUrqI=
-104,-136,3cEFfKZX4EitBF89oTAHZqA25/U=,AGQG+QJb/Dy+MeguxnFh1G8v6tk=
-105,-136,3cEFfKZX4EitBF89oTAHZqA25/U=,gp9gbj8O5lszVx0IDviCHnDUrqI=
-108,-138,3cEFfKZX4EitBF89oTAHZqA25/U=,5ukRHQUuKkbJXXsjJ2/LEkQCGE4=
-105,-139,3cEFfKZX4EitBF89oTAHZqA25/U=,5ukRHQUuKkbJXXsjJ2/LEkQCGE4=
-104,-137,3cEFfKZX4EitBF89oTAHZqA25/U=,9vqAQEeF2iE6RKytasO5c2IFcmQ=
-105,-137,3cEFfKZX4EitBF89oTAHZqA25/U=,5ukRHQUuKkbJXXsjJ2/LEkQCGE4=
-103,-136,3cEFfKZX4EitBF89oTAHZqA25/U=,AGQG+QJb/Dy+MeguxnFh1G8v6tk=
-104,-131,3cEFfKZX4EitBF89oTAHZqA25/U=,AGQG+QJb/Dy+MeguxnFh1G8v6tk=
-106,-131,3cEFfKZX4EitBF89oTAHZqA25/U=,gp9gbj8O5lszVx0IDviCHnDUrqI=
-106,-129,3cEFfKZX4EitBF89oTAHZqA25/U=,gp9gbj8O5lszVx0IDviCHnDUrqI=
-108,-136,3cEFfKZX4EitBF89oTAHZqA25/U=,gp9gbj8O5lszVx0IDviCHnDUrqI=
-107,-129,3cEFfKZX4EitBF89oTAHZqA25/U=,gp9gbj8O5lszVx0IDviCHnDUrqI=
-101,-131,3cEFfKZX4EitBF89oTAHZqA25/U=,AGQG+QJb/Dy+MeguxnFh1G8v6tk=
-108,-129,3cEFfKZX4EitBF89oTAHZqA25/U=,gp9gbj8O5lszVx0IDviCHnDUrqI=
-102,-131,3cEFfKZX4EitBF89oTAHZqA25/U=,AGQG+QJb/Dy+MeguxnFh1G8v6tk=
-104,-129,3cEFfKZX4EitBF89oTAHZqA25/U=,AGQG+QJb/Dy+MeguxnFh1G8v6tk=
-107,-138,3cEFfKZX4EitBF89oTAHZqA25/U=,5ukRHQUuKkbJXXsjJ2/LEkQCGE4=
-103,-129,3cEFfKZX4EitBF89oTAHZqA25/U=,AGQG+QJb/Dy+MeguxnFh1G8v6tk=
-97,-142,3cEFfKZX4EitBF89oTAHZqA25/U=,9vqAQEeF2iE6RKytasO5c2IFcmQ=
-107,-131,3cEFfKZX4EitBF89oTAHZqA25/U=,gp9gbj8O5lszVx0IDviCHnDUrqI=
-97,-141,3cEFfKZX4EitBF89oTAHZqA25/U=,9vqAQEeF2iE6RKytasO5c2IFcmQ=
-97,-143,3cEFfKZX4EitBF89oTAHZqA25/U=,9vqAQEeF2iE6RKytasO5c2IFcmQ=
-108,-144,3cEFfKZX4EitBF89oTAHZqA25/U=,5ukRHQUuKkbJXXsjJ2/LEkQCGE4=
-107,-144,3cEFfKZX4EitBF89oTAHZqA25/U=,5ukRHQUuKkbJXXsjJ2/LEkQCGE4=
-106,-144,3cEFfKZX4EitBF89oTAHZqA25/U=,5ukRHQUuKkbJXXsjJ2/LEkQCGE4=
-111,-144,3cEFfKZX4EitBF89oTAHZqA25/U=,5ukRHQUuKkbJXXsjJ2/LEkQCGE4=
-109,-144,3cEFfKZX4EitBF89oTAHZqA25/U=,5ukRHQUuKkbJXXsjJ2/LEkQCGE4=
-110,-144,3cEFfKZX4EitBF89oTAHZqA25/U=,5ukRHQUuKkbJXXsjJ2/LEkQCGE4=
-105,-144,3cEFfKZX4EitBF89oTAHZqA25/U=,5ukRHQUuKkbJXXsjJ2/LEkQCGE4=
-104,-144,3cEFfKZX4EitBF89oTAHZqA25/U=,9vqAQEeF2iE6RKytasO5c2IFcmQ=
-102,-144,3cEFfKZX4EitBF89oTAHZqA25/U=,9vqAQEeF2iE6RKytasO5c2IFcmQ=
-103,-144,3cEFfKZX4EitBF89oTAHZqA25/U=,9vqAQEeF2iE6RKytasO5c2IFcmQ=
-100,-144,3cEFfKZX4EitBF89oTAHZqA25/U=,9vqAQEeF2iE6RKytasO5c2IFcmQ=
-99,-144,3cEFfKZX4EitBF89oTAHZqA25/U=,9vqAQEeF2iE6RKytasO5c2IFcmQ=
-101,-144,3cEFfKZX4EitBF89oTAHZqA25/U=,9vqAQEeF2iE6RKytasO5c2IFcmQ=
-98,-144,3cEFfKZX4EitBF89oTAHZqA25/U=,9vqAQEeF2iE6RKytasO5c2IFcmQ=
-97,-144,3cEFfKZX4EitBF89oTAHZqA25/U=,9vqAQEeF2iE6RKytasO5c2IFcmQ=
-108,-131,3cEFfKZX4EitBF89oTAHZqA25/U=,gp9gbj8O5lszVx0IDviCHnDUrqI=
-102,-129,3cEFfKZX4EitBF89oTAHZqA25/U=,AGQG+QJb/Dy+MeguxnFh1G8v6tk=
-101,-130,3cEFfKZX4EitBF89oTAHZqA25/U=,AGQG+QJb/Dy+MeguxnFh1G8v6tk=
-106,-137,3cEFfKZX4EitBF89oTAHZqA25/U=,5ukRHQUuKkbJXXsjJ2/LEkQCGE4=
-103,-130,3cEFfKZX4EitBF89oTAHZqA25/U=,AGQG+QJb/Dy+MeguxnFh1G8v6tk=
-108,-130,3cEFfKZX4EitBF89oTAHZqA25/U=,gp9gbj8O5lszVx0IDviCHnDUrqI=
-105,-130,3cEFfKZX4EitBF89oTAHZqA25/U=,gp9gbj8O5lszVx0IDviCHnDUrqI=
-105,-131,3cEFfKZX4EitBF89oTAHZqA25/U=,gp9gbj8O5lszVx0IDviCHnDUrqI=
-101,-129,3cEFfKZX4EitBF89oTAHZqA25/U=,AGQG+QJb/Dy+MeguxnFh1G8v6tk=
-106,-138,3cEFfKZX4EitBF89oTAHZqA25/U=,5ukRHQUuKkbJXXsjJ2/LEkQCGE4=
-108,-137,3cEFfKZX4EitBF89oTAHZqA25/U=,5ukRHQUuKkbJXXsjJ2/LEkQCGE4=
-102,-136,3cEFfKZX4EitBF89oTAHZqA25/U=,AGQG+QJb/Dy+MeguxnFh1G8v6tk=
-102,-138,3cEFfKZX4EitBF89oTAHZqA25/U=,9vqAQEeF2iE6RKytasO5c2IFcmQ=
-104,-130,3cEFfKZX4EitBF89oTAHZqA25/U=,AGQG+QJb/Dy+MeguxnFh1G8v6tk=
-105,-138,3cEFfKZX4EitBF89oTAHZqA25/U=,5ukRHQUuKkbJXXsjJ2/LEkQCGE4=
-102,-130,3cEFfKZX4EitBF89oTAHZqA25/U=,AGQG+QJb/Dy+MeguxnFh1G8v6tk=
-107,-130,3cEFfKZX4EitBF89oTAHZqA25/U=,gp9gbj8O5lszVx0IDviCHnDUrqI=
-101,-138,3cEFfKZX4EitBF89oTAHZqA25/U=,9vqAQEeF2iE6RKytasO5c2IFcmQ=
-103,-137,3cEFfKZX4EitBF89oTAHZqA25/U=,9vqAQEeF2iE6RKytasO5c2IFcmQ=
-97,-129,3cEFfKZX4EitBF89oTAHZqA25/U=,AGQG+QJb/Dy+MeguxnFh1G8v6tk=
-97,-135,3cEFfKZX4EitBF89oTAHZqA25/U=,AGQG+QJb/Dy+MeguxnFh1G8v6tk=
-101,-137,3cEFfKZX4EitBF89oTAHZqA25/U=,9vqAQEeF2iE6RKytasO5c2IFcmQ=
-97,-133,3cEFfKZX4EitBF89oTAHZqA25/U=,AGQG+QJb/Dy+MeguxnFh1G8v6tk=
-97,-134,3cEFfKZX4EitBF89oTAHZqA25/U=,AGQG+QJb/Dy+MeguxnFh1G8v6tk=
-98,-139,3cEFfKZX4EitBF89oTAHZqA25/U=,9vqAQEeF2iE6RKytasO5c2IFcmQ=
-106,-130,3cEFfKZX4EitBF89oTAHZqA25/U=,gp9gbj8O5lszVx0IDviCHnDUrqI=
-97,-140,3cEFfKZX4EitBF89oTAHZqA25/U=,9vqAQEeF2iE6RKytasO5c2IFcmQ=
-97,-136,3cEFfKZX4EitBF89oTAHZqA25/U=,AGQG+QJb/Dy+MeguxnFh1G8v6tk=
-107,-137,3cEFfKZX4EitBF89oTAHZqA25/U=,5ukRHQUuKkbJXXsjJ2/LEkQCGE4=
-97,-132,3cEFfKZX4EitBF89oTAHZqA25/U=,AGQG+QJb/Dy+MeguxnFh1G8v6tk=
-112,-143,3cEFfKZX4EitBF89oTAHZqA25/U=,5ukRHQUuKkbJXXsjJ2/LEkQCGE4=
-112,-142,3cEFfKZX4EitBF89oTAHZqA25/U=,5ukRHQUuKkbJXXsjJ2/LEkQCGE4=
-112,-141,3cEFfKZX4EitBF89oTAHZqA25/U=,5ukRHQUuKkbJXXsjJ2/LEkQCGE4=
-112,-140,3cEFfKZX4EitBF89oTAHZqA25/U=,5ukRHQUuKkbJXXsjJ2/LEkQCGE4=
-112,-144,3cEFfKZX4EitBF89oTAHZqA25/U=,5ukRHQUuKkbJXXsjJ2/LEkQCGE4=
-112,-139,3cEFfKZX4EitBF89oTAHZqA25/U=,5ukRHQUuKkbJXXsjJ2/LEkQCGE4=
-99,-138,3cEFfKZX4EitBF89oTAHZqA25/U=,9vqAQEeF2iE6RKytasO5c2IFcmQ=
-101,-136,3cEFfKZX4EitBF89oTAHZqA25/U=,AGQG+QJb/Dy+MeguxnFh1G8v6tk=
-98,-138,3cEFfKZX4EitBF89oTAHZqA25/U=,9vqAQEeF2iE6RKytasO5c2IFcmQ=
-100,-131,3cEFfKZX4EitBF89oTAHZqA25/U=,AGQG+QJb/Dy+MeguxnFh1G8v6tk=
-112,-129,3cEFfKZX4EitBF89oTAHZqA25/U=,gp9gbj8O5lszVx0IDviCHnDUrqI=
-112,-136,3cEFfKZX4EitBF89oTAHZqA25/U=,gp9gbj8O5lszVx0IDviCHnDUrqI=
-112,-135,3cEFfKZX4EitBF89oTAHZqA25/U=,gp9gbj8O5lszVx0IDviCHnDUrqI=
-112,-134,3cEFfKZX4EitBF89oTAHZqA25/U=,gp9gbj8O5lszVx0IDviCHnDUrqI=
-112,-133,3cEFfKZX4EitBF89oTAHZqA25/U=,gp9gbj8O5lszVx0IDviCHnDUrqI=
-100,-129,3cEFfKZX4EitBF89oTAHZqA25/U=,AGQG+QJb/Dy+MeguxnFh1G8v6tk=
-112,-130,3cEFfKZX4EitBF89oTAHZqA25/U=,gp9gbj8O5lszVx0IDviCHnDUrqI=
-99,-131,3cEFfKZX4EitBF89oTAHZqA25/U=,AGQG+QJb/Dy+MeguxnFh1G8v6tk=
-97,-139,3cEFfKZX4EitBF89oTAHZqA25/U=,9vqAQEeF2iE6RKytasO5c2IFcmQ=
-112,-137,3cEFfKZX4EitBF89oTAHZqA25/U=,5ukRHQUuKkbJXXsjJ2/LEkQCGE4=
-98,-136,3cEFfKZX4EitBF89oTAHZqA25/U=,AGQG+QJb/Dy+MeguxnFh1G8v6tk=
-99,-129,3cEFfKZX4EitBF89oTAHZqA25/U=,AGQG+QJb/Dy+MeguxnFh1G8v6tk=
-97,-137,3cEFfKZX4EitBF89oTAHZqA25/U=,9vqAQEeF2iE6RKytasO5c2IFcmQ=
-111,-137,3cEFfKZX4EitBF89oTAHZqA25/U=,5ukRHQUuKkbJXXsjJ2/LEkQCGE4=
-111,-130,3cEFfKZX4EitBF89oTAHZqA25/U=,gp9gbj8O5lszVx0IDviCHnDUrqI=
-97,-138,3cEFfKZX4EitBF89oTAHZqA25/U=,9vqAQEeF2iE6RKytasO5c2IFcmQ=
-97,-130,3cEFfKZX4EitBF89oTAHZqA25/U=,AGQG+QJb/Dy+MeguxnFh1G8v6tk=
-109,-139,3cEFfKZX4EitBF89oTAHZqA25/U=,5ukRHQUuKkbJXXsjJ2/LEkQCGE4=
-112,-138,3cEFfKZX4EitBF89oTAHZqA25/U=,5ukRHQUuKkbJXXsjJ2/LEkQCGE4=
-110,-137,3cEFfKZX4EitBF89oTAHZqA25/U=,5ukRHQUuKkbJXXsjJ2/LEkQCGE4=
-98,-131,3cEFfKZX4EitBF89oTAHZqA25/U=,AGQG+QJb/Dy+MeguxnFh1G8v6tk=
-112,-131,3cEFfKZX4EitBF89oTAHZqA25/U=,gp9gbj8O5lszVx0IDviCHnDUrqI=
-100,-136,3cEFfKZX4EitBF89oTAHZqA25/U=,AGQG+QJb/Dy+MeguxnFh1G8v6tk=
-110,-138,3cEFfKZX4EitBF89oTAHZqA25/U=,5ukRHQUuKkbJXXsjJ2/LEkQCGE4=
-99,-130,3cEFfKZX4EitBF89oTAHZqA25/U=,AGQG+QJb/Dy+MeguxnFh1G8v6tk=
-99,-137,3cEFfKZX4EitBF89oTAHZqA25/U=,9vqAQEeF2iE6RKytasO5c2IFcmQ=
-110,-139,3cEFfKZX4EitBF89oTAHZqA25/U=,5ukRHQUuKkbJXXsjJ2/LEkQCGE4=
-109,-138,3cEFfKZX4EitBF89oTAHZqA25/U=,5ukRHQUuKkbJXXsjJ2/LEkQCGE4=
-112,-132,3cEFfKZX4EitBF89oTAHZqA25/U=,gp9gbj8O5lszVx0IDviCHnDUrqI=
-98,-137,3cEFfKZX4EitBF89oTAHZqA25/U=,9vqAQEeF2iE6RKytasO5c2IFcmQ=
-111,-138,3cEFfKZX4EitBF89oTAHZqA25/U=,5ukRHQUuKkbJXXsjJ2/LEkQCGE4=
-111,-132,3cEFfKZX4EitBF89oTAHZqA25/U=,gp9gbj8O5lszVx0IDviCHnDUrqI=
-100,-130,3cEFfKZX4EitBF89oTAHZqA25/U=,AGQG+QJb/Dy+MeguxnFh1G8v6tk=
-109,-130,3cEFfKZX4EitBF89oTAHZqA25/U=,gp9gbj8O5lszVx0IDviCHnDUrqI=
-100,-138,3cEFfKZX4EitBF89oTAHZqA25/U=,9vqAQEeF2iE6RKytasO5c2IFcmQ=
-99,-136,3cEFfKZX4EitBF89oTAHZqA25/U=,AGQG+QJb/Dy+MeguxnFh1G8v6tk=
-111,-139,3cEFfKZX4EitBF89oTAHZqA25/U=,5ukRHQUuKkbJXXsjJ2/LEkQCGE4=
-98,-129,3cEFfKZX4EitBF89oTAHZqA25/U=,AGQG+QJb/Dy+MeguxnFh1G8v6tk=
-97,-131,3cEFfKZX4EitBF89oTAHZqA25/U=,AGQG+QJb/Dy+MeguxnFh1G8v6tk=
-100,-137,3cEFfKZX4EitBF89oTAHZqA25/U=,9vqAQEeF2iE6RKytasO5c2IFcmQ=
-110,-131,3cEFfKZX4EitBF89oTAHZqA25/U=,gp9gbj8O5lszVx0IDviCHnDUrqI=
-110,-130,3cEFfKZX4EitBF89oTAHZqA25/U=,gp9gbj8O5lszVx0IDviCHnDUrqI=
-109,-137,3cEFfKZX4EitBF89oTAHZqA25/U=,5ukRHQUuKkbJXXsjJ2/LEkQCGE4=
-109,-131,3cEFfKZX4EitBF89oTAHZqA25/U=,gp9gbj8O5lszVx0IDviCHnDUrqI=
-111,-131,3cEFfKZX4EitBF89oTAHZqA25/U=,gp9gbj8O5lszVx0IDviCHnDUrqI=
-98,-130,3cEFfKZX4EitBF89oTAHZqA25/U=,AGQG+QJb/Dy+MeguxnFh1G8v6tk=
-102,-137,3cEFfKZX4EitBF89oTAHZqA25/U=,9vqAQEeF2iE6RKytasO5c2IFcmQ=
-114,-140,PX/wRX809PG9AMHMc8E2imrEi3g=,FP76L1+1tytYA2zahi0Tk3imD9c=
-117,-139,PX/wRX809PG9AMHMc8E2imrEi3g=,FP76L1+1tytYA2zahi0Tk3imD9c=
-115,-140,PX/wRX809PG9AMHMc8E2imrEi3g=,FP76L1+1tytYA2zahi0Tk3imD9c=
-117,-140,PX/wRX809PG9AMHMc8E2imrEi3g=,FP76L1+1tytYA2zahi0Tk3imD9c=
-116,-140,PX/wRX809PG9AMHMc8E2imrEi3g=,FP76L1+1tytYA2zahi0Tk3imD9c=
-118,-140,PX/wRX809PG9AMHMc8E2imrEi3g=,FP76L1+1tytYA2zahi0Tk3imD9c=
-115,-141,PX/wRX809PG9AMHMc8E2imrEi3g=,FP76L1+1tytYA2zahi0Tk3imD9c=
-114,-141,PX/wRX809PG9AMHMc8E2imrEi3g=,FP76L1+1tytYA2zahi0Tk3imD9c=
-116,-141,PX/wRX809PG9AMHMc8E2imrEi3g=,FP76L1+1tytYA2zahi0Tk3imD9c=
-118,-141,PX/wRX809PG9AMHMc8E2imrEi3g=,FP76L1+1tytYA2zahi0Tk3imD9c=
-117,-141,PX/wRX809PG9AMHMc8E2imrEi3g=,FP76L1+1tytYA2zahi0Tk3imD9c=
-114,-142,PX/wRX809PG9AMHMc8E2imrEi3g=,FP76L1+1tytYA2zahi0Tk3imD9c=
-115,-142,PX/wRX809PG9AMHMc8E2imrEi3g=,FP76L1+1tytYA2zahi0Tk3imD9c=
-116,-142,s+/CaphoaZqPWA9URhLfvkwCIk8=,FP76L1+1tytYA2zahi0Tk3imD9c=
-117,-142,s+/CaphoaZqPWA9URhLfvkwCIk8=,FP76L1+1tytYA2zahi0Tk3imD9c=
-118,-142,s+/CaphoaZqPWA9URhLfvkwCIk8=,FP76L1+1tytYA2zahi0Tk3imD9c=
-119,-142,bPb3Bx/4wWVgI1+3607dV2J5t3o=,FP76L1+1tytYA2zahi0Tk3imD9c=
-114,-143,bPb3Bx/4wWVgI1+3607dV2J5t3o=,FP76L1+1tytYA2zahi0Tk3imD9c=
-115,-143,bPb3Bx/4wWVgI1+3607dV2J5t3o=,FP76L1+1tytYA2zahi0Tk3imD9c=
-116,-143,bPb3Bx/4wWVgI1+3607dV2J5t3o=,FP76L1+1tytYA2zahi0Tk3imD9c=
-117,-143,bPb3Bx/4wWVgI1+3607dV2J5t3o=,FP76L1+1tytYA2zahi0Tk3imD9c=
-118,-143,3BvMUVV7yye6t0GUvLZSEiZMBc0=,FP76L1+1tytYA2zahi0Tk3imD9c=
-119,-143,3BvMUVV7yye6t0GUvLZSEiZMBc0=,FP76L1+1tytYA2zahi0Tk3imD9c=
-116,-138,3BvMUVV7yye6t0GUvLZSEiZMBc0=,FP76L1+1tytYA2zahi0Tk3imD9c=
-114,-139,3BvMUVV7yye6t0GUvLZSEiZMBc0=,FP76L1+1tytYA2zahi0Tk3imD9c=
-116,-139,3BvMUVV7yye6t0GUvLZSEiZMBc0=,FP76L1+1tytYA2zahi0Tk3imD9c=
-113,-140,3BvMUVV7yye6t0GUvLZSEiZMBc0=,FP76L1+1tytYA2zahi0Tk3imD9c=
-115,-139,3BvMUVV7yye6t0GUvLZSEiZMBc0=,FP76L1+1tytYA2zahi0Tk3imD9c=
-113,-143,3BvMUVV7yye6t0GUvLZSEiZMBc0=,FP76L1+1tytYA2zahi0Tk3imD9c=
-113,-142,3BvMUVV7yye6t0GUvLZSEiZMBc0=,FP76L1+1tytYA2zahi0Tk3imD9c=
-113,-141,3BvMUVV7yye6t0GUvLZSEiZMBc0=,FP76L1+1tytYA2zahi0Tk3imD9c=
-118,-132,3BvMUVV7yye6t0GUvLZSEiZMBc0=,P6vVnbsIsJ+6jWHP+w7/h/WbM34=
-114,-132,3BvMUVV7yye6t0GUvLZSEiZMBc0=,P6vVnbsIsJ+6jWHP+w7/h/WbM34=
-114,-133,3BvMUVV7yye6t0GUvLZSEiZMBc0=,P6vVnbsIsJ+6jWHP+w7/h/WbM34=
-113,-135,3BvMUVV7yye6t0GUvLZSEiZMBc0=,P6vVnbsIsJ+6jWHP+w7/h/WbM34=
-113,-133,3BvMUVV7yye6t0GUvLZSEiZMBc0=,P6vVnbsIsJ+6jWHP+w7/h/WbM34=
-113,-134,3BvMUVV7yye6t0GUvLZSEiZMBc0=,P6vVnbsIsJ+6jWHP+w7/h/WbM34=
-116,-137,3BvMUVV7yye6t0GUvLZSEiZMBc0=,FP76L1+1tytYA2zahi0Tk3imD9c=
-113,-138,3BvMUVV7yye6t0GUvLZSEiZMBc0=,FP76L1+1tytYA2zahi0Tk3imD9c=
-114,-134,3BvMUVV7yye6t0GUvLZSEiZMBc0=,P6vVnbsIsJ+6jWHP+w7/h/WbM34=
-113,-139,3BvMUVV7yye6t0GUvLZSEiZMBc0=,FP76L1+1tytYA2zahi0Tk3imD9c=
-116,-134,3BvMUVV7yye6t0GUvLZSEiZMBc0=,P6vVnbsIsJ+6jWHP+w7/h/WbM34=
-114,-137,3BvMUVV7yye6t0GUvLZSEiZMBc0=,FP76L1+1tytYA2zahi0Tk3imD9c=
-115,-133,3BvMUVV7yye6t0GUvLZSEiZMBc0=,P6vVnbsIsJ+6jWHP+w7/h/WbM34=
-115,-134,3BvMUVV7yye6t0GUvLZSEiZMBc0=,P6vVnbsIsJ+6jWHP+w7/h/WbM34=
-115,-138,3BvMUVV7yye6t0GUvLZSEiZMBc0=,FP76L1+1tytYA2zahi0Tk3imD9c=
-115,-137,3BvMUVV7yye6t0GUvLZSEiZMBc0=,FP76L1+1tytYA2zahi0Tk3imD9c=
-114,-138,3BvMUVV7yye6t0GUvLZSEiZMBc0=,FP76L1+1tytYA2zahi0Tk3imD9c=
-113,-137,3BvMUVV7yye6t0GUvLZSEiZMBc0=,FP76L1+1tytYA2zahi0Tk3imD9c=
-114,-136,3BvMUVV7yye6t0GUvLZSEiZMBc0=,P6vVnbsIsJ+6jWHP+w7/h/WbM34=
-116,-136,3BvMUVV7yye6t0GUvLZSEiZMBc0=,P6vVnbsIsJ+6jWHP+w7/h/WbM34=
-116,-133,3BvMUVV7yye6t0GUvLZSEiZMBc0=,P6vVnbsIsJ+6jWHP+w7/h/WbM34=
-113,-136,3BvMUVV7yye6t0GUvLZSEiZMBc0=,P6vVnbsIsJ+6jWHP+w7/h/WbM34=
-114,-135,3BvMUVV7yye6t0GUvLZSEiZMBc0=,P6vVnbsIsJ+6jWHP+w7/h/WbM34=
-115,-136,3BvMUVV7yye6t0GUvLZSEiZMBc0=,P6vVnbsIsJ+6jWHP+w7/h/WbM34=
-116,-135,3BvMUVV7yye6t0GUvLZSEiZMBc0=,P6vVnbsIsJ+6jWHP+w7/h/WbM34=
-115,-135,3BvMUVV7yye6t0GUvLZSEiZMBc0=,P6vVnbsIsJ+6jWHP+w7/h/WbM34=
-125,-130,3BvMUVV7yye6t0GUvLZSEiZMBc0=,7HLXt/5WiLH9zLAKpkYoSkAjYPI=
-126,-130,3BvMUVV7yye6t0GUvLZSEiZMBc0=,7HLXt/5WiLH9zLAKpkYoSkAjYPI=
-127,-130,3BvMUVV7yye6t0GUvLZSEiZMBc0=,7HLXt/5WiLH9zLAKpkYoSkAjYPI=
-120,-133,3BvMUVV7yye6t0GUvLZSEiZMBc0=,P6vVnbsIsJ+6jWHP+w7/h/WbM34=
-121,-132,3BvMUVV7yye6t0GUvLZSEiZMBc0=,7HLXt/5WiLH9zLAKpkYoSkAjYPI=
-122,-132,3BvMUVV7yye6t0GUvLZSEiZMBc0=,7HLXt/5WiLH9zLAKpkYoSkAjYPI=
-127,-129,3BvMUVV7yye6t0GUvLZSEiZMBc0=,7HLXt/5WiLH9zLAKpkYoSkAjYPI=
-122,-133,3BvMUVV7yye6t0GUvLZSEiZMBc0=,7HLXt/5WiLH9zLAKpkYoSkAjYPI=
-126,-129,3BvMUVV7yye6t0GUvLZSEiZMBc0=,7HLXt/5WiLH9zLAKpkYoSkAjYPI=
-122,-129,3BvMUVV7yye6t0GUvLZSEiZMBc0=,7HLXt/5WiLH9zLAKpkYoSkAjYPI=
-125,-129,3BvMUVV7yye6t0GUvLZSEiZMBc0=,7HLXt/5WiLH9zLAKpkYoSkAjYPI=
-123,-129,3BvMUVV7yye6t0GUvLZSEiZMBc0=,7HLXt/5WiLH9zLAKpkYoSkAjYPI=
-124,-129,3BvMUVV7yye6t0GUvLZSEiZMBc0=,7HLXt/5WiLH9zLAKpkYoSkAjYPI=
-121,-133,3BvMUVV7yye6t0GUvLZSEiZMBc0=,7HLXt/5WiLH9zLAKpkYoSkAjYPI=
-119,-144,3BvMUVV7yye6t0GUvLZSEiZMBc0=,FP76L1+1tytYA2zahi0Tk3imD9c=
-118,-144,3BvMUVV7yye6t0GUvLZSEiZMBc0=,FP76L1+1tytYA2zahi0Tk3imD9c=
-117,-144,3BvMUVV7yye6t0GUvLZSEiZMBc0=,FP76L1+1tytYA2zahi0Tk3imD9c=
-116,-144,3BvMUVV7yye6t0GUvLZSEiZMBc0=,FP76L1+1tytYA2zahi0Tk3imD9c=
-115,-144,3BvMUVV7yye6t0GUvLZSEiZMBc0=,FP76L1+1tytYA2zahi0Tk3imD9c=
-114,-144,3BvMUVV7yye6t0GUvLZSEiZMBc0=,FP76L1+1tytYA2zahi0Tk3imD9c=
-113,-144,3BvMUVV7yye6t0GUvLZSEiZMBc0=,FP76L1+1tytYA2zahi0Tk3imD9c=
-120,-129,3BvMUVV7yye6t0GUvLZSEiZMBc0=,P6vVnbsIsJ+6jWHP+w7/h/WbM34=
-121,-129,3BvMUVV7yye6t0GUvLZSEiZMBc0=,7HLXt/5WiLH9zLAKpkYoSkAjYPI=
-119,-129,3BvMUVV7yye6t0GUvLZSEiZMBc0=,P6vVnbsIsJ+6jWHP+w7/h/WbM34=
-113,-129,3BvMUVV7yye6t0GUvLZSEiZMBc0=,P6vVnbsIsJ+6jWHP+w7/h/WbM34=
-117,-129,3BvMUVV7yye6t0GUvLZSEiZMBc0=,P6vVnbsIsJ+6jWHP+w7/h/WbM34=
-124,-132,3BvMUVV7yye6t0GUvLZSEiZMBc0=,7HLXt/5WiLH9zLAKpkYoSkAjYPI=
-118,-129,3BvMUVV7yye6t0GUvLZSEiZMBc0=,P6vVnbsIsJ+6jWHP+w7/h/WbM34=
-115,-132,3BvMUVV7yye6t0GUvLZSEiZMBc0=,P6vVnbsIsJ+6jWHP+w7/h/WbM34=
-116,-131,3BvMUVV7yye6t0GUvLZSEiZMBc0=,P6vVnbsIsJ+6jWHP+w7/h/WbM34=
-115,-131,3BvMUVV7yye6t0GUvLZSEiZMBc0=,P6vVnbsIsJ+6jWHP+w7/h/WbM34=
-116,-129,3BvMUVV7yye6t0GUvLZSEiZMBc0=,P6vVnbsIsJ+6jWHP+w7/h/WbM34=
-113,-132,3BvMUVV7yye6t0GUvLZSEiZMBc0=,P6vVnbsIsJ+6jWHP+w7/h/WbM34=
-123,-132,3BvMUVV7yye6t0GUvLZSEiZMBc0=,7HLXt/5WiLH9zLAKpkYoSkAjYPI=
-114,-129,3BvMUVV7yye6t0GUvLZSEiZMBc0=,P6vVnbsIsJ+6jWHP+w7/h/WbM34=
-119,-132,3BvMUVV7yye6t0GUvLZSEiZMBc0=,P6vVnbsIsJ+6jWHP+w7/h/WbM34=
-115,-129,3BvMUVV7yye6t0GUvLZSEiZMBc0=,P6vVnbsIsJ+6jWHP+w7/h/WbM34=
-116,-130,3BvMUVV7yye6t0GUvLZSEiZMBc0=,P6vVnbsIsJ+6jWHP+w7/h/WbM34=
-113,-130,3BvMUVV7yye6t0GUvLZSEiZMBc0=,P6vVnbsIsJ+6jWHP+w7/h/WbM34=
-117,-130,3BvMUVV7yye6t0GUvLZSEiZMBc0=,P6vVnbsIsJ+6jWHP+w7/h/WbM34=
-120,-130,3BvMUVV7yye6t0GUvLZSEiZMBc0=,P6vVnbsIsJ+6jWHP+w7/h/WbM34=
-116,-132,3BvMUVV7yye6t0GUvLZSEiZMBc0=,P6vVnbsIsJ+6jWHP+w7/h/WbM34=
-114,-131,3BvMUVV7yye6t0GUvLZSEiZMBc0=,P6vVnbsIsJ+6jWHP+w7/h/WbM34=
-117,-132,3BvMUVV7yye6t0GUvLZSEiZMBc0=,P6vVnbsIsJ+6jWHP+w7/h/WbM34=
-124,-130,3BvMUVV7yye6t0GUvLZSEiZMBc0=,7HLXt/5WiLH9zLAKpkYoSkAjYPI=
-117,-131,3BvMUVV7yye6t0GUvLZSEiZMBc0=,P6vVnbsIsJ+6jWHP+w7/h/WbM34=
-123,-130,3BvMUVV7yye6t0GUvLZSEiZMBc0=,7HLXt/5WiLH9zLAKpkYoSkAjYPI=
-119,-130,3BvMUVV7yye6t0GUvLZSEiZMBc0=,P6vVnbsIsJ+6jWHP+w7/h/WbM34=
-118,-131,3BvMUVV7yye6t0GUvLZSEiZMBc0=,P6vVnbsIsJ+6jWHP+w7/h/WbM34=
-120,-132,3BvMUVV7yye6t0GUvLZSEiZMBc0=,P6vVnbsIsJ+6jWHP+w7/h/WbM34=
-121,-130,3BvMUVV7yye6t0GUvLZSEiZMBc0=,7HLXt/5WiLH9zLAKpkYoSkAjYPI=
-114,-130,3BvMUVV7yye6t0GUvLZSEiZMBc0=,P6vVnbsIsJ+6jWHP+w7/h/WbM34=
-121,-131,3BvMUVV7yye6t0GUvLZSEiZMBc0=,7HLXt/5WiLH9zLAKpkYoSkAjYPI=
-122,-130,3BvMUVV7yye6t0GUvLZSEiZMBc0=,7HLXt/5WiLH9zLAKpkYoSkAjYPI=
-119,-131,3BvMUVV7yye6t0GUvLZSEiZMBc0=,P6vVnbsIsJ+6jWHP+w7/h/WbM34=
-115,-130,3BvMUVV7yye6t0GUvLZSEiZMBc0=,P6vVnbsIsJ+6jWHP+w7/h/WbM34=
-118,-130,3BvMUVV7yye6t0GUvLZSEiZMBc0=,P6vVnbsIsJ+6jWHP+w7/h/WbM34=
-113,-131,3BvMUVV7yye6t0GUvLZSEiZMBc0=,P6vVnbsIsJ+6jWHP+w7/h/WbM34=
-124,-131,3BvMUVV7yye6t0GUvLZSEiZMBc0=,7HLXt/5WiLH9zLAKpkYoSkAjYPI=
-123,-131,3BvMUVV7yye6t0GUvLZSEiZMBc0=,7HLXt/5WiLH9zLAKpkYoSkAjYPI=
-120,-131,3BvMUVV7yye6t0GUvLZSEiZMBc0=,P6vVnbsIsJ+6jWHP+w7/h/WbM34=
-122,-131,3BvMUVV7yye6t0GUvLZSEiZMBc0=,7HLXt/5WiLH9zLAKpkYoSkAjYPI=
-120,-144,3BvMUVV7yye6t0GUvLZSEiZMBc0=,FP76L1+1tytYA2zahi0Tk3imD9c=
-121,-136,3BvMUVV7yye6t0GUvLZSEiZMBc0=,7HLXt/5WiLH9zLAKpkYoSkAjYPI=
-121,-137,3BvMUVV7yye6t0GUvLZSEiZMBc0=,hiAgAIY+x2bWg1y7Y9VZFhTmtv8=
-127,-142,3BvMUVV7yye6t0GUvLZSEiZMBc0=,hiAgAIY+x2bWg1y7Y9VZFhTmtv8=
-127,-143,3BvMUVV7yye6t0GUvLZSEiZMBc0=,hiAgAIY+x2bWg1y7Y9VZFhTmtv8=
-121,-144,3BvMUVV7yye6t0GUvLZSEiZMBc0=,hiAgAIY+x2bWg1y7Y9VZFhTmtv8=
-120,-136,3BvMUVV7yye6t0GUvLZSEiZMBc0=,P6vVnbsIsJ+6jWHP+w7/h/WbM34=
-122,-136,3BvMUVV7yye6t0GUvLZSEiZMBc0=,7HLXt/5WiLH9zLAKpkYoSkAjYPI=
-120,-135,3BvMUVV7yye6t0GUvLZSEiZMBc0=,P6vVnbsIsJ+6jWHP+w7/h/WbM34=
-124,-134,3BvMUVV7yye6t0GUvLZSEiZMBc0=,7HLXt/5WiLH9zLAKpkYoSkAjYPI=
-121,-135,3BvMUVV7yye6t0GUvLZSEiZMBc0=,7HLXt/5WiLH9zLAKpkYoSkAjYPI=
-124,-133,3BvMUVV7yye6t0GUvLZSEiZMBc0=,7HLXt/5WiLH9zLAKpkYoSkAjYPI=
-119,-139,3BvMUVV7yye6t0GUvLZSEiZMBc0=,FP76L1+1tytYA2zahi0Tk3imD9c=
-122,-144,3BvMUVV7yye6t0GUvLZSEiZMBc0=,hiAgAIY+x2bWg1y7Y9VZFhTmtv8=
-123,-133,3BvMUVV7yye6t0GUvLZSEiZMBc0=,7HLXt/5WiLH9zLAKpkYoSkAjYPI=
-118,-139,3BvMUVV7yye6t0GUvLZSEiZMBc0=,FP76L1+1tytYA2zahi0Tk3imD9c=
-123,-134,3BvMUVV7yye6t0GUvLZSEiZMBc0=,7HLXt/5WiLH9zLAKpkYoSkAjYPI=
-122,-135,3BvMUVV7yye6t0GUvLZSEiZMBc0=,7HLXt/5WiLH9zLAKpkYoSkAjYPI=
-123,-144,3BvMUVV7yye6t0GUvLZSEiZMBc0=,hiAgAIY+x2bWg1y7Y9VZFhTmtv8=
-119,-141,3BvMUVV7yye6t0GUvLZSEiZMBc0=,FP76L1+1tytYA2zahi0Tk3imD9c=
-119,-140,3BvMUVV7yye6t0GUvLZSEiZMBc0=,FP76L1+1tytYA2zahi0Tk3imD9c=
-121,-134,3BvMUVV7yye6t0GUvLZSEiZMBc0=,7HLXt/5WiLH9zLAKpkYoSkAjYPI=
-123,-136,3BvMUVV7yye6t0GUvLZSEiZMBc0=,7HLXt/5WiLH9zLAKpkYoSkAjYPI=
-122,-137,3BvMUVV7yye6t0GUvLZSEiZMBc0=,hiAgAIY+x2bWg1y7Y9VZFhTmtv8=
-120,-134,3BvMUVV7yye6t0GUvLZSEiZMBc0=,P6vVnbsIsJ+6jWHP+w7/h/WbM34=
-123,-137,3BvMUVV7yye6t0GUvLZSEiZMBc0=,hiAgAIY+x2bWg1y7Y9VZFhTmtv8=
-117,-138,3BvMUVV7yye6t0GUvLZSEiZMBc0=,FP76L1+1tytYA2zahi0Tk3imD9c=
-126,-144,3BvMUVV7yye6t0GUvLZSEiZMBc0=,hiAgAIY+x2bWg1y7Y9VZFhTmtv8=
-124,-135,3BvMUVV7yye6t0GUvLZSEiZMBc0=,7HLXt/5WiLH9zLAKpkYoSkAjYPI=
-122,-134,3BvMUVV7yye6t0GUvLZSEiZMBc0=,7HLXt/5WiLH9zLAKpkYoSkAjYPI=
-123,-135,3BvMUVV7yye6t0GUvLZSEiZMBc0=,7HLXt/5WiLH9zLAKpkYoSkAjYPI=
-124,-144,3BvMUVV7yye6t0GUvLZSEiZMBc0=,hiAgAIY+x2bWg1y7Y9VZFhTmtv8=
-117,-137,3BvMUVV7yye6t0GUvLZSEiZMBc0=,FP76L1+1tytYA2zahi0Tk3imD9c=
-124,-136,3BvMUVV7yye6t0GUvLZSEiZMBc0=,7HLXt/5WiLH9zLAKpkYoSkAjYPI=
-124,-137,3BvMUVV7yye6t0GUvLZSEiZMBc0=,hiAgAIY+x2bWg1y7Y9VZFhTmtv8=
-118,-138,3BvMUVV7yye6t0GUvLZSEiZMBc0=,FP76L1+1tytYA2zahi0Tk3imD9c=
-127,-144,3BvMUVV7yye6t0GUvLZSEiZMBc0=,hiAgAIY+x2bWg1y7Y9VZFhTmtv8=
-118,-137,3BvMUVV7yye6t0GUvLZSEiZMBc0=,FP76L1+1tytYA2zahi0Tk3imD9c=
-120,-139,3BvMUVV7yye6t0GUvLZSEiZMBc0=,FP76L1+1tytYA2zahi0Tk3imD9c=
-122,-140,3BvMUVV7yye6t0GUvLZSEiZMBc0=,hiAgAIY+x2bWg1y7Y9VZFhTmtv8=
-121,-140,3BvMUVV7yye6t0GUvLZSEiZMBc0=,hiAgAIY+x2bWg1y7Y9VZFhTmtv8=
-120,-138,3BvMUVV7yye6t0GUvLZSEiZMBc0=,FP76L1+1tytYA2zahi0Tk3imD9c=
-119,-138,3BvMUVV7yye6t0GUvLZSEiZMBc0=,FP76L1+1tytYA2zahi0Tk3imD9c=
-122,-142,3BvMUVV7yye6t0GUvLZSEiZMBc0=,hiAgAIY+x2bWg1y7Y9VZFhTmtv8=
-120,-143,3BvMUVV7yye6t0GUvLZSEiZMBc0=,FP76L1+1tytYA2zahi0Tk3imD9c=
-120,-137,3BvMUVV7yye6t0GUvLZSEiZMBc0=,FP76L1+1tytYA2zahi0Tk3imD9c=
-119,-137,3BvMUVV7yye6t0GUvLZSEiZMBc0=,FP76L1+1tytYA2zahi0Tk3imD9c=
-121,-142,3BvMUVV7yye6t0GUvLZSEiZMBc0=,hiAgAIY+x2bWg1y7Y9VZFhTmtv8=
-122,-141,3BvMUVV7yye6t0GUvLZSEiZMBc0=,hiAgAIY+x2bWg1y7Y9VZFhTmtv8=
-124,-143,3BvMUVV7yye6t0GUvLZSEiZMBc0=,hiAgAIY+x2bWg1y7Y9VZFhTmtv8=
-123,-141,3BvMUVV7yye6t0GUvLZSEiZMBc0=,hiAgAIY+x2bWg1y7Y9VZFhTmtv8=
-121,-139,3BvMUVV7yye6t0GUvLZSEiZMBc0=,hiAgAIY+x2bWg1y7Y9VZFhTmtv8=
-122,-139,3BvMUVV7yye6t0GUvLZSEiZMBc0=,hiAgAIY+x2bWg1y7Y9VZFhTmtv8=
-121,-141,3BvMUVV7yye6t0GUvLZSEiZMBc0=,hiAgAIY+x2bWg1y7Y9VZFhTmtv8=
-119,-133,3BvMUVV7yye6t0GUvLZSEiZMBc0=,P6vVnbsIsJ+6jWHP+w7/h/WbM34=
-121,-138,3BvMUVV7yye6t0GUvLZSEiZMBc0=,hiAgAIY+x2bWg1y7Y9VZFhTmtv8=
-124,-141,3BvMUVV7yye6t0GUvLZSEiZMBc0=,hiAgAIY+x2bWg1y7Y9VZFhTmtv8=
-122,-138,3BvMUVV7yye6t0GUvLZSEiZMBc0=,hiAgAIY+x2bWg1y7Y9VZFhTmtv8=
-121,-143,3BvMUVV7yye6t0GUvLZSEiZMBc0=,hiAgAIY+x2bWg1y7Y9VZFhTmtv8=
-123,-143,3BvMUVV7yye6t0GUvLZSEiZMBc0=,hiAgAIY+x2bWg1y7Y9VZFhTmtv8=
-123,-139,3BvMUVV7yye6t0GUvLZSEiZMBc0=,hiAgAIY+x2bWg1y7Y9VZFhTmtv8=
-120,-142,3BvMUVV7yye6t0GUvLZSEiZMBc0=,FP76L1+1tytYA2zahi0Tk3imD9c=
-123,-140,3BvMUVV7yye6t0GUvLZSEiZMBc0=,hiAgAIY+x2bWg1y7Y9VZFhTmtv8=
-124,-140,3BvMUVV7yye6t0GUvLZSEiZMBc0=,hiAgAIY+x2bWg1y7Y9VZFhTmtv8=
-120,-140,3BvMUVV7yye6t0GUvLZSEiZMBc0=,FP76L1+1tytYA2zahi0Tk3imD9c=
-123,-138,3BvMUVV7yye6t0GUvLZSEiZMBc0=,hiAgAIY+x2bWg1y7Y9VZFhTmtv8=
-122,-143,3BvMUVV7yye6t0GUvLZSEiZMBc0=,hiAgAIY+x2bWg1y7Y9VZFhTmtv8=
-120,-141,3BvMUVV7yye6t0GUvLZSEiZMBc0=,FP76L1+1tytYA2zahi0Tk3imD9c=
-124,-139,3BvMUVV7yye6t0GUvLZSEiZMBc0=,hiAgAIY+x2bWg1y7Y9VZFhTmtv8=
-123,-142,3BvMUVV7yye6t0GUvLZSEiZMBc0=,hiAgAIY+x2bWg1y7Y9VZFhTmtv8=
-124,-142,3BvMUVV7yye6t0GUvLZSEiZMBc0=,hiAgAIY+x2bWg1y7Y9VZFhTmtv8=
-117,-135,3BvMUVV7yye6t0GUvLZSEiZMBc0=,P6vVnbsIsJ+6jWHP+w7/h/WbM34=
-117,-136,3BvMUVV7yye6t0GUvLZSEiZMBc0=,P6vVnbsIsJ+6jWHP+w7/h/WbM34=
-118,-136,3BvMUVV7yye6t0GUvLZSEiZMBc0=,P6vVnbsIsJ+6jWHP+w7/h/WbM34=
-119,-135,3BvMUVV7yye6t0GUvLZSEiZMBc0=,P6vVnbsIsJ+6jWHP+w7/h/WbM34=
-117,-134,3BvMUVV7yye6t0GUvLZSEiZMBc0=,P6vVnbsIsJ+6jWHP+w7/h/WbM34=
-117,-133,3BvMUVV7yye6t0GUvLZSEiZMBc0=,P6vVnbsIsJ+6jWHP+w7/h/WbM34=
-124,-138,3BvMUVV7yye6t0GUvLZSEiZMBc0=,hiAgAIY+x2bWg1y7Y9VZFhTmtv8=
-128,-129,3BvMUVV7yye6t0GUvLZSEiZMBc0=,7HLXt/5WiLH9zLAKpkYoSkAjYPI=
-128,-131,3BvMUVV7yye6t0GUvLZSEiZMBc0=,7HLXt/5WiLH9zLAKpkYoSkAjYPI=
-118,-133,3BvMUVV7yye6t0GUvLZSEiZMBc0=,P6vVnbsIsJ+6jWHP+w7/h/WbM34=
-128,-130,3BvMUVV7yye6t0GUvLZSEiZMBc0=,7HLXt/5WiLH9zLAKpkYoSkAjYPI=
-118,-135,3BvMUVV7yye6t0GUvLZSEiZMBc0=,P6vVnbsIsJ+6jWHP+w7/h/WbM34=
-119,-136,3BvMUVV7yye6t0GUvLZSEiZMBc0=,P6vVnbsIsJ+6jWHP+w7/h/WbM34=
-126,-131,3BvMUVV7yye6t0GUvLZSEiZMBc0=,7HLXt/5WiLH9zLAKpkYoSkAjYPI=
-127,-131,3BvMUVV7yye6t0GUvLZSEiZMBc0=,7HLXt/5WiLH9zLAKpkYoSkAjYPI=
-127,-132,3BvMUVV7yye6t0GUvLZSEiZMBc0=,7HLXt/5WiLH9zLAKpkYoSkAjYPI=
-128,-143,3BvMUVV7yye6t0GUvLZSEiZMBc0=,hiAgAIY+x2bWg1y7Y9VZFhTmtv8=
-128,-142,3BvMUVV7yye6t0GUvLZSEiZMBc0=,hiAgAIY+x2bWg1y7Y9VZFhTmtv8=
-125,-131,3BvMUVV7yye6t0GUvLZSEiZMBc0=,7HLXt/5WiLH9zLAKpkYoSkAjYPI=
-125,-132,3BvMUVV7yye6t0GUvLZSEiZMBc0=,7HLXt/5WiLH9zLAKpkYoSkAjYPI=
-118,-134,3BvMUVV7yye6t0GUvLZSEiZMBc0=,P6vVnbsIsJ+6jWHP+w7/h/WbM34=
-126,-132,3BvMUVV7yye6t0GUvLZSEiZMBc0=,7HLXt/5WiLH9zLAKpkYoSkAjYPI=
-127,-136,3BvMUVV7yye6t0GUvLZSEiZMBc0=,7HLXt/5WiLH9zLAKpkYoSkAjYPI=
-127,-141,3BvMUVV7yye6t0GUvLZSEiZMBc0=,hiAgAIY+x2bWg1y7Y9VZFhTmtv8=
-128,-132,3BvMUVV7yye6t0GUvLZSEiZMBc0=,7HLXt/5WiLH9zLAKpkYoSkAjYPI=
-119,-134,3BvMUVV7yye6t0GUvLZSEiZMBc0=,P6vVnbsIsJ+6jWHP+w7/h/WbM34=
-128,-136,3BvMUVV7yye6t0GUvLZSEiZMBc0=,7HLXt/5WiLH9zLAKpkYoSkAjYPI=
-125,-135,3BvMUVV7yye6t0GUvLZSEiZMBc0=,7HLXt/5WiLH9zLAKpkYoSkAjYPI=
-128,-133,3BvMUVV7yye6t0GUvLZSEiZMBc0=,7HLXt/5WiLH9zLAKpkYoSkAjYPI=
-128,-144,3BvMUVV7yye6t0GUvLZSEiZMBc0=,hiAgAIY+x2bWg1y7Y9VZFhTmtv8=
-128,-141,3BvMUVV7yye6t0GUvLZSEiZMBc0=,hiAgAIY+x2bWg1y7Y9VZFhTmtv8=
-125,-133,3BvMUVV7yye6t0GUvLZSEiZMBc0=,7HLXt/5WiLH9zLAKpkYoSkAjYPI=
-126,-133,3BvMUVV7yye6t0GUvLZSEiZMBc0=,7HLXt/5WiLH9zLAKpkYoSkAjYPI=
-125,-136,3BvMUVV7yye6t0GUvLZSEiZMBc0=,7HLXt/5WiLH9zLAKpkYoSkAjYPI=
-125,-134,3BvMUVV7yye6t0GUvLZSEiZMBc0=,7HLXt/5WiLH9zLAKpkYoSkAjYPI=
-126,-136,3BvMUVV7yye6t0GUvLZSEiZMBc0=,7HLXt/5WiLH9zLAKpkYoSkAjYPI=
-127,-135,3BvMUVV7yye6t0GUvLZSEiZMBc0=,7HLXt/5WiLH9zLAKpkYoSkAjYPI=
-127,-133,3BvMUVV7yye6t0GUvLZSEiZMBc0=,7HLXt/5WiLH9zLAKpkYoSkAjYPI=
-126,-141,3BvMUVV7yye6t0GUvLZSEiZMBc0=,hiAgAIY+x2bWg1y7Y9VZFhTmtv8=
-126,-135,3BvMUVV7yye6t0GUvLZSEiZMBc0=,7HLXt/5WiLH9zLAKpkYoSkAjYPI=
-126,-134,3BvMUVV7yye6t0GUvLZSEiZMBc0=,7HLXt/5WiLH9zLAKpkYoSkAjYPI=
-128,-140,3BvMUVV7yye6t0GUvLZSEiZMBc0=,hiAgAIY+x2bWg1y7Y9VZFhTmtv8=
-125,-141,3BvMUVV7yye6t0GUvLZSEiZMBc0=,hiAgAIY+x2bWg1y7Y9VZFhTmtv8=
-127,-140,3BvMUVV7yye6t0GUvLZSEiZMBc0=,hiAgAIY+x2bWg1y7Y9VZFhTmtv8=
-128,-137,3BvMUVV7yye6t0GUvLZSEiZMBc0=,hiAgAIY+x2bWg1y7Y9VZFhTmtv8=
-127,-134,3BvMUVV7yye6t0GUvLZSEiZMBc0=,7HLXt/5WiLH9zLAKpkYoSkAjYPI=
-125,-140,3BvMUVV7yye6t0GUvLZSEiZMBc0=,hiAgAIY+x2bWg1y7Y9VZFhTmtv8=
-126,-143,3BvMUVV7yye6t0GUvLZSEiZMBc0=,hiAgAIY+x2bWg1y7Y9VZFhTmtv8=
-126,-140,3BvMUVV7yye6t0GUvLZSEiZMBc0=,hiAgAIY+x2bWg1y7Y9VZFhTmtv8=
-128,-134,3BvMUVV7yye6t0GUvLZSEiZMBc0=,7HLXt/5WiLH9zLAKpkYoSkAjYPI=
-125,-143,3BvMUVV7yye6t0GUvLZSEiZMBc0=,hiAgAIY+x2bWg1y7Y9VZFhTmtv8=
-127,-139,3BvMUVV7yye6t0GUvLZSEiZMBc0=,hiAgAIY+x2bWg1y7Y9VZFhTmtv8=
-125,-144,3BvMUVV7yye6t0GUvLZSEiZMBc0=,hiAgAIY+x2bWg1y7Y9VZFhTmtv8=
-126,-142,3BvMUVV7yye6t0GUvLZSEiZMBc0=,hiAgAIY+x2bWg1y7Y9VZFhTmtv8=
-126,-139,3BvMUVV7yye6t0GUvLZSEiZMBc0=,hiAgAIY+x2bWg1y7Y9VZFhTmtv8=
-126,-138,3BvMUVV7yye6t0GUvLZSEiZMBc0=,hiAgAIY+x2bWg1y7Y9VZFhTmtv8=
-125,-139,3BvMUVV7yye6t0GUvLZSEiZMBc0=,hiAgAIY+x2bWg1y7Y9VZFhTmtv8=
-125,-138,3BvMUVV7yye6t0GUvLZSEiZMBc0=,hiAgAIY+x2bWg1y7Y9VZFhTmtv8=
-125,-142,3BvMUVV7yye6t0GUvLZSEiZMBc0=,hiAgAIY+x2bWg1y7Y9VZFhTmtv8=
-126,-137,3BvMUVV7yye6t0GUvLZSEiZMBc0=,hiAgAIY+x2bWg1y7Y9VZFhTmtv8=
-128,-139,3BvMUVV7yye6t0GUvLZSEiZMBc0=,hiAgAIY+x2bWg1y7Y9VZFhTmtv8=
-128,-138,3BvMUVV7yye6t0GUvLZSEiZMBc0=,hiAgAIY+x2bWg1y7Y9VZFhTmtv8=
-127,-138,3BvMUVV7yye6t0GUvLZSEiZMBc0=,hiAgAIY+x2bWg1y7Y9VZFhTmtv8=
-125,-137,3BvMUVV7yye6t0GUvLZSEiZMBc0=,hiAgAIY+x2bWg1y7Y9VZFhTmtv8=
-127,-137,3BvMUVV7yye6t0GUvLZSEiZMBc0=,hiAgAIY+x2bWg1y7Y9VZFhTmtv8=
-128,-135,3BvMUVV7yye6t0GUvLZSEiZMBc0=,7HLXt/5WiLH9zLAKpkYoSkAjYPI=
-121,-151,nLW8nkf4kxlBMZL0MMspNkr7ZK0=,KPNH1qdWrLF3Z2VbgBr3wf/ShjQ=
-122,-146,nLW8nkf4kxlBMZL0MMspNkr7ZK0=,KPNH1qdWrLF3Z2VbgBr3wf/ShjQ=
-126,-146,nLW8nkf4kxlBMZL0MMspNkr7ZK0=,KPNH1qdWrLF3Z2VbgBr3wf/ShjQ=
-121,-146,nLW8nkf4kxlBMZL0MMspNkr7ZK0=,KPNH1qdWrLF3Z2VbgBr3wf/ShjQ=
-121,-150,nLW8nkf4kxlBMZL0MMspNkr7ZK0=,KPNH1qdWrLF3Z2VbgBr3wf/ShjQ=
-126,-147,nLW8nkf4kxlBMZL0MMspNkr7ZK0=,KPNH1qdWrLF3Z2VbgBr3wf/ShjQ=
-127,-147,nLW8nkf4kxlBMZL0MMspNkr7ZK0=,KPNH1qdWrLF3Z2VbgBr3wf/ShjQ=
-126,-149,nLW8nkf4kxlBMZL0MMspNkr7ZK0=,KPNH1qdWrLF3Z2VbgBr3wf/ShjQ=
-123,-151,nLW8nkf4kxlBMZL0MMspNkr7ZK0=,KPNH1qdWrLF3Z2VbgBr3wf/ShjQ=
-125,-149,nLW8nkf4kxlBMZL0MMspNkr7ZK0=,KPNH1qdWrLF3Z2VbgBr3wf/ShjQ=
-122,-150,nLW8nkf4kxlBMZL0MMspNkr7ZK0=,KPNH1qdWrLF3Z2VbgBr3wf/ShjQ=
-125,-152,nLW8nkf4kxlBMZL0MMspNkr7ZK0=,KPNH1qdWrLF3Z2VbgBr3wf/ShjQ=
-124,-151,nLW8nkf4kxlBMZL0MMspNkr7ZK0=,KPNH1qdWrLF3Z2VbgBr3wf/ShjQ=
-125,-151,nLW8nkf4kxlBMZL0MMspNkr7ZK0=,KPNH1qdWrLF3Z2VbgBr3wf/ShjQ=
-124,-149,nLW8nkf4kxlBMZL0MMspNkr7ZK0=,KPNH1qdWrLF3Z2VbgBr3wf/ShjQ=
-126,-151,nLW8nkf4kxlBMZL0MMspNkr7ZK0=,KPNH1qdWrLF3Z2VbgBr3wf/ShjQ=
-122,-148,nLW8nkf4kxlBMZL0MMspNkr7ZK0=,KPNH1qdWrLF3Z2VbgBr3wf/ShjQ=
-123,-149,nLW8nkf4kxlBMZL0MMspNkr7ZK0=,KPNH1qdWrLF3Z2VbgBr3wf/ShjQ=
-121,-148,nLW8nkf4kxlBMZL0MMspNkr7ZK0=,KPNH1qdWrLF3Z2VbgBr3wf/ShjQ=
-121,-152,nLW8nkf4kxlBMZL0MMspNkr7ZK0=,KPNH1qdWrLF3Z2VbgBr3wf/ShjQ=
-122,-152,nLW8nkf4kxlBMZL0MMspNkr7ZK0=,KPNH1qdWrLF3Z2VbgBr3wf/ShjQ=
-124,-152,nLW8nkf4kxlBMZL0MMspNkr7ZK0=,KPNH1qdWrLF3Z2VbgBr3wf/ShjQ=
-127,-146,nLW8nkf4kxlBMZL0MMspNkr7ZK0=,KPNH1qdWrLF3Z2VbgBr3wf/ShjQ=
-123,-152,nLW8nkf4kxlBMZL0MMspNkr7ZK0=,KPNH1qdWrLF3Z2VbgBr3wf/ShjQ=
-123,-148,nLW8nkf4kxlBMZL0MMspNkr7ZK0=,KPNH1qdWrLF3Z2VbgBr3wf/ShjQ=
-126,-152,nLW8nkf4kxlBMZL0MMspNkr7ZK0=,KPNH1qdWrLF3Z2VbgBr3wf/ShjQ=
-121,-149,nLW8nkf4kxlBMZL0MMspNkr7ZK0=,KPNH1qdWrLF3Z2VbgBr3wf/ShjQ=
-126,-150,nLW8nkf4kxlBMZL0MMspNkr7ZK0=,KPNH1qdWrLF3Z2VbgBr3wf/ShjQ=
-121,-147,nLW8nkf4kxlBMZL0MMspNkr7ZK0=,KPNH1qdWrLF3Z2VbgBr3wf/ShjQ=
-125,-148,nLW8nkf4kxlBMZL0MMspNkr7ZK0=,KPNH1qdWrLF3Z2VbgBr3wf/ShjQ=
-126,-148,nLW8nkf4kxlBMZL0MMspNkr7ZK0=,KPNH1qdWrLF3Z2VbgBr3wf/ShjQ=
-125,-150,nLW8nkf4kxlBMZL0MMspNkr7ZK0=,KPNH1qdWrLF3Z2VbgBr3wf/ShjQ=
-124,-150,nLW8nkf4kxlBMZL0MMspNkr7ZK0=,KPNH1qdWrLF3Z2VbgBr3wf/ShjQ=
-122,-149,nLW8nkf4kxlBMZL0MMspNkr7ZK0=,KPNH1qdWrLF3Z2VbgBr3wf/ShjQ=
-122,-151,nLW8nkf4kxlBMZL0MMspNkr7ZK0=,KPNH1qdWrLF3Z2VbgBr3wf/ShjQ=
-123,-150,nLW8nkf4kxlBMZL0MMspNkr7ZK0=,KPNH1qdWrLF3Z2VbgBr3wf/ShjQ=
-122,-147,nLW8nkf4kxlBMZL0MMspNkr7ZK0=,KPNH1qdWrLF3Z2VbgBr3wf/ShjQ=
-127,-152,nLW8nkf4kxlBMZL0MMspNkr7ZK0=,KPNH1qdWrLF3Z2VbgBr3wf/ShjQ=
-128,-152,nLW8nkf4kxlBMZL0MMspNkr7ZK0=,KPNH1qdWrLF3Z2VbgBr3wf/ShjQ=
-127,-149,nLW8nkf4kxlBMZL0MMspNkr7ZK0=,KPNH1qdWrLF3Z2VbgBr3wf/ShjQ=
-128,-145,nLW8nkf4kxlBMZL0MMspNkr7ZK0=,KPNH1qdWrLF3Z2VbgBr3wf/ShjQ=
-127,-151,nLW8nkf4kxlBMZL0MMspNkr7ZK0=,KPNH1qdWrLF3Z2VbgBr3wf/ShjQ=
-127,-150,nLW8nkf4kxlBMZL0MMspNkr7ZK0=,KPNH1qdWrLF3Z2VbgBr3wf/ShjQ=
-126,-145,nLW8nkf4kxlBMZL0MMspNkr7ZK0=,KPNH1qdWrLF3Z2VbgBr3wf/ShjQ=
-127,-145,nLW8nkf4kxlBMZL0MMspNkr7ZK0=,KPNH1qdWrLF3Z2VbgBr3wf/ShjQ=
-121,-145,nLW8nkf4kxlBMZL0MMspNkr7ZK0=,KPNH1qdWrLF3Z2VbgBr3wf/ShjQ=
-128,-147,nLW8nkf4kxlBMZL0MMspNkr7ZK0=,KPNH1qdWrLF3Z2VbgBr3wf/ShjQ=
-128,-146,nLW8nkf4kxlBMZL0MMspNkr7ZK0=,KPNH1qdWrLF3Z2VbgBr3wf/ShjQ=
-122,-145,nLW8nkf4kxlBMZL0MMspNkr7ZK0=,KPNH1qdWrLF3Z2VbgBr3wf/ShjQ=
-128,-151,nLW8nkf4kxlBMZL0MMspNkr7ZK0=,KPNH1qdWrLF3Z2VbgBr3wf/ShjQ=
-127,-148,nLW8nkf4kxlBMZL0MMspNkr7ZK0=,KPNH1qdWrLF3Z2VbgBr3wf/ShjQ=
-124,-148,nLW8nkf4kxlBMZL0MMspNkr7ZK0=,KPNH1qdWrLF3Z2VbgBr3wf/ShjQ=
-128,-150,nLW8nkf4kxlBMZL0MMspNkr7ZK0=,KPNH1qdWrLF3Z2VbgBr3wf/ShjQ=
-128,-149,nLW8nkf4kxlBMZL0MMspNkr7ZK0=,KPNH1qdWrLF3Z2VbgBr3wf/ShjQ=
-125,-146,nLW8nkf4kxlBMZL0MMspNkr7ZK0=,KPNH1qdWrLF3Z2VbgBr3wf/ShjQ=
-125,-145,nLW8nkf4kxlBMZL0MMspNkr7ZK0=,KPNH1qdWrLF3Z2VbgBr3wf/ShjQ=
-125,-147,nLW8nkf4kxlBMZL0MMspNkr7ZK0=,KPNH1qdWrLF3Z2VbgBr3wf/ShjQ=
-123,-147,nLW8nkf4kxlBMZL0MMspNkr7ZK0=,KPNH1qdWrLF3Z2VbgBr3wf/ShjQ=
-123,-146,nLW8nkf4kxlBMZL0MMspNkr7ZK0=,KPNH1qdWrLF3Z2VbgBr3wf/ShjQ=
-124,-147,nLW8nkf4kxlBMZL0MMspNkr7ZK0=,KPNH1qdWrLF3Z2VbgBr3wf/ShjQ=
-123,-145,nLW8nkf4kxlBMZL0MMspNkr7ZK0=,KPNH1qdWrLF3Z2VbgBr3wf/ShjQ=
-128,-148,nLW8nkf4kxlBMZL0MMspNkr7ZK0=,KPNH1qdWrLF3Z2VbgBr3wf/ShjQ=
-124,-146,nLW8nkf4kxlBMZL0MMspNkr7ZK0=,KPNH1qdWrLF3Z2VbgBr3wf/ShjQ=
-124,-145,nLW8nkf4kxlBMZL0MMspNkr7ZK0=,KPNH1qdWrLF3Z2VbgBr3wf/ShjQ=
