52,-4,UWXAEZJsayrywYd4XaFOGzQWE/I=,8tAU2l+OqbRZzCsXHNQLOkWkimc=
55,-1,UWXAEZJsayrywYd4XaFOGzQWE/I=,8tAU2l+OqbRZzCsXHNQLOkWkimc=
50,-4,UWXAEZJsayrywYd4XaFOGzQWE/I=,8tAU2l+OqbRZzCsXHNQLOkWkimc=
51,-4,UWXAEZJsayrywYd4XaFOGzQWE/I=,8tAU2l+OqbRZzCsXHNQLOkWkimc=
50,-8,UWXAEZJsayrywYd4XaFOGzQWE/I=,8tAU2l+OqbRZzCsXHNQLOkWkimc=
48,-4,UWXAEZJsayrywYd4XaFOGzQWE/I=,8tAU2l+OqbRZzCsXHNQLOkWkimc=
51,-8,UWXAEZJsayrywYd4XaFOGzQWE/I=,8tAU2l+OqbRZzCsXHNQLOkWkimc=
54,-7,UWXAEZJsayrywYd4XaFOGzQWE/I=,8tAU2l+OqbRZzCsXHNQLOkWkimc=
53,-7,UWXAEZJsayrywYd4XaFOGzQWE/I=,8tAU2l+OqbRZzCsXHNQLOkWkimc=
48,-8,UWXAEZJsayrywYd4XaFOGzQWE/I=,8tAU2l+OqbRZzCsXHNQLOkWkimc=
53,-3,UWXAEZJsayrywYd4XaFOGzQWE/I=,8tAU2l+OqbRZzCsXHNQLOkWkimc=
55,-7,UWXAEZJsayrywYd4XaFOGzQWE/I=,8tAU2l+OqbRZzCsXHNQLOkWkimc=
52,-8,UWXAEZJsayrywYd4XaFOGzQWE/I=,8tAU2l+OqbRZzCsXHNQLOkWkimc=
55,-5,UWXAEZJsayrywYd4XaFOGzQWE/I=,8tAU2l+OqbRZzCsXHNQLOkWkimc=
52,-3,UWXAEZJsayrywYd4XaFOGzQWE/I=,8tAU2l+OqbRZzCsXHNQLOkWkimc=
49,-8,UWXAEZJsayrywYd4XaFOGzQWE/I=,8tAU2l+OqbRZzCsXHNQLOkWkimc=
54,-5,UWXAEZJsayrywYd4XaFOGzQWE/I=,8tAU2l+OqbRZzCsXHNQLOkWkimc=
53,-5,UWXAEZJsayrywYd4XaFOGzQWE/I=,8tAU2l+OqbRZzCsXHNQLOkWkimc=
55,-2,UWXAEZJsayrywYd4XaFOGzQWE/I=,8tAU2l+OqbRZzCsXHNQLOkWkimc=
52,-5,UWXAEZJsayrywYd4XaFOGzQWE/I=,8tAU2l+OqbRZzCsXHNQLOkWkimc=
53,-8,UWXAEZJsayrywYd4XaFOGzQWE/I=,8tAU2l+OqbRZzCsXHNQLOkWkimc=
51,-5,UWXAEZJsayrywYd4XaFOGzQWE/I=,8tAU2l+OqbRZzCsXHNQLOkWkimc=
50,-5,UWXAEZJsayrywYd4XaFOGzQWE/I=,8tAU2l+OqbRZzCsXHNQLOkWkimc=
48,-6,UWXAEZJsayrywYd4XaFOGzQWE/I=,8tAU2l+OqbRZzCsXHNQLOkWkimc=
51,-7,UWXAEZJsayrywYd4XaFOGzQWE/I=,8tAU2l+OqbRZzCsXHNQLOkWkimc=
54,-3,UWXAEZJsayrywYd4XaFOGzQWE/I=,8tAU2l+OqbRZzCsXHNQLOkWkimc=
54,-8,UWXAEZJsayrywYd4XaFOGzQWE/I=,8tAU2l+OqbRZzCsXHNQLOkWkimc=
49,-4,UWXAEZJsayrywYd4XaFOGzQWE/I=,8tAU2l+OqbRZzCsXHNQLOkWkimc=
49,-5,UWXAEZJsayrywYd4XaFOGzQWE/I=,8tAU2l+OqbRZzCsXHNQLOkWkimc=
49,-6,UWXAEZJsayrywYd4XaFOGzQWE/I=,8tAU2l+OqbRZzCsXHNQLOkWkimc=
55,-6,UWXAEZJsayrywYd4XaFOGzQWE/I=,8tAU2l+OqbRZzCsXHNQLOkWkimc=
55,-8,UWXAEZJsayrywYd4XaFOGzQWE/I=,8tAU2l+OqbRZzCsXHNQLOkWkimc=
50,-6,UWXAEZJsayrywYd4XaFOGzQWE/I=,8tAU2l+OqbRZzCsXHNQLOkWkimc=
48,-7,UWXAEZJsayrywYd4XaFOGzQWE/I=,8tAU2l+OqbRZzCsXHNQLOkWkimc=
51,-6,UWXAEZJsayrywYd4XaFOGzQWE/I=,8tAU2l+OqbRZzCsXHNQLOkWkimc=
55,-3,UWXAEZJsayrywYd4XaFOGzQWE/I=,8tAU2l+OqbRZzCsXHNQLOkWkimc=
52,-6,UWXAEZJsayrywYd4XaFOGzQWE/I=,8tAU2l+OqbRZzCsXHNQLOkWkimc=
48,-5,UWXAEZJsayrywYd4XaFOGzQWE/I=,8tAU2l+OqbRZzCsXHNQLOkWkimc=
53,-6,UWXAEZJsayrywYd4XaFOGzQWE/I=,8tAU2l+OqbRZzCsXHNQLOkWkimc=
52,-7,UWXAEZJsayrywYd4XaFOGzQWE/I=,8tAU2l+OqbRZzCsXHNQLOkWkimc=
51,-3,UWXAEZJsayrywYd4XaFOGzQWE/I=,8tAU2l+OqbRZzCsXHNQLOkWkimc=
49,-3,UWXAEZJsayrywYd4XaFOGzQWE/I=,8tAU2l+OqbRZzCsXHNQLOkWkimc=
48,-3,UWXAEZJsayrywYd4XaFOGzQWE/I=,8tAU2l+OqbRZzCsXHNQLOkWkimc=
54,-6,UWXAEZJsayrywYd4XaFOGzQWE/I=,8tAU2l+OqbRZzCsXHNQLOkWkimc=
55,-4,UWXAEZJsayrywYd4XaFOGzQWE/I=,8tAU2l+OqbRZzCsXHNQLOkWkimc=
53,-4,UWXAEZJsayrywYd4XaFOGzQWE/I=,8tAU2l+OqbRZzCsXHNQLOkWkimc=
49,-1,UWXAEZJsayrywYd4XaFOGzQWE/I=,8tAU2l+OqbRZzCsXHNQLOkWkimc=
54,-4,UWXAEZJsayrywYd4XaFOGzQWE/I=,8tAU2l+OqbRZzCsXHNQLOkWkimc=
50,-7,UWXAEZJsayrywYd4XaFOGzQWE/I=,8tAU2l+OqbRZzCsXHNQLOkWkimc=
49,-7,UWXAEZJsayrywYd4XaFOGzQWE/I=,8tAU2l+OqbRZzCsXHNQLOkWkimc=
52,-2,UWXAEZJsayrywYd4XaFOGzQWE/I=,8tAU2l+OqbRZzCsXHNQLOkWkimc=
54,-2,UWXAEZJsayrywYd4XaFOGzQWE/I=,8tAU2l+OqbRZzCsXHNQLOkWkimc=
50,-3,UWXAEZJsayrywYd4XaFOGzQWE/I=,8tAU2l+OqbRZzCsXHNQLOkWkimc=
48,-1,UWXAEZJsayrywYd4XaFOGzQWE/I=,8tAU2l+OqbRZzCsXHNQLOkWkimc=
50,-2,UWXAEZJsayrywYd4XaFOGzQWE/I=,8tAU2l+OqbRZzCsXHNQLOkWkimc=
52,-1,UWXAEZJsayrywYd4XaFOGzQWE/I=,8tAU2l+OqbRZzCsXHNQLOkWkimc=
49,-2,UWXAEZJsayrywYd4XaFOGzQWE/I=,8tAU2l+OqbRZzCsXHNQLOkWkimc=
54,-1,UWXAEZJsayrywYd4XaFOGzQWE/I=,8tAU2l+OqbRZzCsXHNQLOkWkimc=
48,-2,UWXAEZJsayrywYd4XaFOGzQWE/I=,8tAU2l+OqbRZzCsXHNQLOkWkimc=
53,-2,UWXAEZJsayrywYd4XaFOGzQWE/I=,8tAU2l+OqbRZzCsXHNQLOkWkimc=
51,-1,UWXAEZJsayrywYd4XaFOGzQWE/I=,8tAU2l+OqbRZzCsXHNQLOkWkimc=
50,-1,UWXAEZJsayrywYd4XaFOGzQWE/I=,8tAU2l+OqbRZzCsXHNQLOkWkimc=
51,-2,UWXAEZJsayrywYd4XaFOGzQWE/I=,8tAU2l+OqbRZzCsXHNQLOkWkimc=
53,-1,UWXAEZJsayrywYd4XaFOGzQWE/I=,8tAU2l+OqbRZzCsXHNQLOkWkimc=
46,-18,YQQW+XiLfL8izdNsfNzKHeYVXhM=,TrCbXjZi0XnvPunPffIgorU/C8w=
43,-20,YQQW+XiLfL8izdNsfNzKHeYVXhM=,TrCbXjZi0XnvPunPffIgorU/C8w=
42,-20,YQQW+XiLfL8izdNsfNzKHeYVXhM=,TrCbXjZi0XnvPunPffIgorU/C8w=
44,-19,YQQW+XiLfL8izdNsfNzKHeYVXhM=,TrCbXjZi0XnvPunPffIgorU/C8w=
45,-19,YQQW+XiLfL8izdNsfNzKHeYVXhM=,TrCbXjZi0XnvPunPffIgorU/C8w=
45,-18,YQQW+XiLfL8izdNsfNzKHeYVXhM=,TrCbXjZi0XnvPunPffIgorU/C8w=
43,-24,YQQW+XiLfL8izdNsfNzKHeYVXhM=,TrCbXjZi0XnvPunPffIgorU/C8w=
45,-22,YQQW+XiLfL8izdNsfNzKHeYVXhM=,TrCbXjZi0XnvPunPffIgorU/C8w=
42,-24,YQQW+XiLfL8izdNsfNzKHeYVXhM=,TrCbXjZi0XnvPunPffIgorU/C8w=
44,-22,YQQW+XiLfL8izdNsfNzKHeYVXhM=,TrCbXjZi0XnvPunPffIgorU/C8w=
43,-22,UbxOp60euWqrpqJ6t6LREX4BD/I=,TrCbXjZi0XnvPunPffIgorU/C8w=
41,-20,UbxOp60euWqrpqJ6t6LREX4BD/I=,TrCbXjZi0XnvPunPffIgorU/C8w=
42,-22,UbxOp60euWqrpqJ6t6LREX4BD/I=,TrCbXjZi0XnvPunPffIgorU/C8w=
43,-19,UbxOp60euWqrpqJ6t6LREX4BD/I=,TrCbXjZi0XnvPunPffIgorU/C8w=
41,-22,UbxOp60euWqrpqJ6t6LREX4BD/I=,TrCbXjZi0XnvPunPffIgorU/C8w=
42,-19,UbxOp60euWqrpqJ6t6LREX4BD/I=,TrCbXjZi0XnvPunPffIgorU/C8w=
41,-19,UbxOp60euWqrpqJ6t6LREX4BD/I=,TrCbXjZi0XnvPunPffIgorU/C8w=
45,-23,UbxOp60euWqrpqJ6t6LREX4BD/I=,TrCbXjZi0XnvPunPffIgorU/C8w=
46,-21,UbxOp60euWqrpqJ6t6LREX4BD/I=,TrCbXjZi0XnvPunPffIgorU/C8w=
44,-23,UbxOp60euWqrpqJ6t6LREX4BD/I=,TrCbXjZi0XnvPunPffIgorU/C8w=
43,-23,UbxOp60euWqrpqJ6t6LREX4BD/I=,TrCbXjZi0XnvPunPffIgorU/C8w=
42,-23,UbxOp60euWqrpqJ6t6LREX4BD/I=,TrCbXjZi0XnvPunPffIgorU/C8w=
41,-24,UbxOp60euWqrpqJ6t6LREX4BD/I=,TrCbXjZi0XnvPunPffIgorU/C8w=
44,-18,UbxOp60euWqrpqJ6t6LREX4BD/I=,TrCbXjZi0XnvPunPffIgorU/C8w=
45,-21,UbxOp60euWqrpqJ6t6LREX4BD/I=,TrCbXjZi0XnvPunPffIgorU/C8w=
41,-23,UbxOp60euWqrpqJ6t6LREX4BD/I=,TrCbXjZi0XnvPunPffIgorU/C8w=
43,-18,UbxOp60euWqrpqJ6t6LREX4BD/I=,TrCbXjZi0XnvPunPffIgorU/C8w=
46,-24,UbxOp60euWqrpqJ6t6LREX4BD/I=,TrCbXjZi0XnvPunPffIgorU/C8w=
46,-23,UbxOp60euWqrpqJ6t6LREX4BD/I=,TrCbXjZi0XnvPunPffIgorU/C8w=
42,-18,UbxOp60euWqrpqJ6t6LREX4BD/I=,TrCbXjZi0XnvPunPffIgorU/C8w=
45,-24,UbxOp60euWqrpqJ6t6LREX4BD/I=,TrCbXjZi0XnvPunPffIgorU/C8w=
44,-24,UbxOp60euWqrpqJ6t6LREX4BD/I=,TrCbXjZi0XnvPunPffIgorU/C8w=
41,-18,UbxOp60euWqrpqJ6t6LREX4BD/I=,TrCbXjZi0XnvPunPffIgorU/C8w=
46,-20,UbxOp60euWqrpqJ6t6LREX4BD/I=,TrCbXjZi0XnvPunPffIgorU/C8w=
45,-20,UbxOp60euWqrpqJ6t6LREX4BD/I=,TrCbXjZi0XnvPunPffIgorU/C8w=
44,-21,UbxOp60euWqrpqJ6t6LREX4BD/I=,TrCbXjZi0XnvPunPffIgorU/C8w=
43,-21,UbxOp60euWqrpqJ6t6LREX4BD/I=,TrCbXjZi0XnvPunPffIgorU/C8w=
44,-20,UbxOp60euWqrpqJ6t6LREX4BD/I=,TrCbXjZi0XnvPunPffIgorU/C8w=
42,-21,UbxOp60euWqrpqJ6t6LREX4BD/I=,TrCbXjZi0XnvPunPffIgorU/C8w=
46,-22,UbxOp60euWqrpqJ6t6LREX4BD/I=,TrCbXjZi0XnvPunPffIgorU/C8w=
41,-21,UbxOp60euWqrpqJ6t6LREX4BD/I=,TrCbXjZi0XnvPunPffIgorU/C8w=
46,-19,UbxOp60euWqrpqJ6t6LREX4BD/I=,TrCbXjZi0XnvPunPffIgorU/C8w=
44,-17,UbxOp60euWqrpqJ6t6LREX4BD/I=,TrCbXjZi0XnvPunPffIgorU/C8w=
45,-17,UbxOp60euWqrpqJ6t6LREX4BD/I=,TrCbXjZi0XnvPunPffIgorU/C8w=
46,-17,UbxOp60euWqrpqJ6t6LREX4BD/I=,TrCbXjZi0XnvPunPffIgorU/C8w=
40,-21,UbxOp60euWqrpqJ6t6LREX4BD/I=,TrCbXjZi0XnvPunPffIgorU/C8w=
33,-22,UbxOp60euWqrpqJ6t6LREX4BD/I=,Q2HSi6jqmBhCiSOA5Jko0EWrS+Y=
34,-22,UbxOp60euWqrpqJ6t6LREX4BD/I=,Q2HSi6jqmBhCiSOA5Jko0EWrS+Y=
35,-22,UbxOp60euWqrpqJ6t6LREX4BD/I=,Q2HSi6jqmBhCiSOA5Jko0EWrS+Y=
36,-22,UbxOp60euWqrpqJ6t6LREX4BD/I=,Q2HSi6jqmBhCiSOA5Jko0EWrS+Y=
37,-22,UbxOp60euWqrpqJ6t6LREX4BD/I=,Q2HSi6jqmBhCiSOA5Jko0EWrS+Y=
38,-22,UbxOp60euWqrpqJ6t6LREX4BD/I=,Q2HSi6jqmBhCiSOA5Jko0EWrS+Y=
39,-22,UbxOp60euWqrpqJ6t6LREX4BD/I=,Q2HSi6jqmBhCiSOA5Jko0EWrS+Y=
33,-21,UbxOp60euWqrpqJ6t6LREX4BD/I=,Q2HSi6jqmBhCiSOA5Jko0EWrS+Y=
34,-21,UbxOp60euWqrpqJ6t6LREX4BD/I=,Q2HSi6jqmBhCiSOA5Jko0EWrS+Y=
35,-21,UbxOp60euWqrpqJ6t6LREX4BD/I=,Q2HSi6jqmBhCiSOA5Jko0EWrS+Y=
36,-21,UbxOp60euWqrpqJ6t6LREX4BD/I=,Q2HSi6jqmBhCiSOA5Jko0EWrS+Y=
37,-21,UbxOp60euWqrpqJ6t6LREX4BD/I=,Q2HSi6jqmBhCiSOA5Jko0EWrS+Y=
38,-21,UbxOp60euWqrpqJ6t6LREX4BD/I=,Q2HSi6jqmBhCiSOA5Jko0EWrS+Y=
39,-21,UbxOp60euWqrpqJ6t6LREX4BD/I=,Q2HSi6jqmBhCiSOA5Jko0EWrS+Y=
33,-20,UbxOp60euWqrpqJ6t6LREX4BD/I=,Q2HSi6jqmBhCiSOA5Jko0EWrS+Y=
34,-20,UbxOp60euWqrpqJ6t6LREX4BD/I=,Q2HSi6jqmBhCiSOA5Jko0EWrS+Y=
33,-24,UbxOp60euWqrpqJ6t6LREX4BD/I=,Q2HSi6jqmBhCiSOA5Jko0EWrS+Y=
35,-20,UbxOp60euWqrpqJ6t6LREX4BD/I=,Q2HSi6jqmBhCiSOA5Jko0EWrS+Y=
36,-20,UbxOp60euWqrpqJ6t6LREX4BD/I=,Q2HSi6jqmBhCiSOA5Jko0EWrS+Y=
37,-20,UbxOp60euWqrpqJ6t6LREX4BD/I=,Q2HSi6jqmBhCiSOA5Jko0EWrS+Y=
38,-20,UbxOp60euWqrpqJ6t6LREX4BD/I=,Q2HSi6jqmBhCiSOA5Jko0EWrS+Y=
39,-20,UbxOp60euWqrpqJ6t6LREX4BD/I=,Q2HSi6jqmBhCiSOA5Jko0EWrS+Y=
39,-24,UbxOp60euWqrpqJ6t6LREX4BD/I=,Q2HSi6jqmBhCiSOA5Jko0EWrS+Y=
34,-19,UbxOp60euWqrpqJ6t6LREX4BD/I=,Q2HSi6jqmBhCiSOA5Jko0EWrS+Y=
39,-23,UbxOp60euWqrpqJ6t6LREX4BD/I=,Q2HSi6jqmBhCiSOA5Jko0EWrS+Y=
34,-24,UbxOp60euWqrpqJ6t6LREX4BD/I=,Q2HSi6jqmBhCiSOA5Jko0EWrS+Y=
38,-23,UbxOp60euWqrpqJ6t6LREX4BD/I=,Q2HSi6jqmBhCiSOA5Jko0EWrS+Y=
35,-19,UbxOp60euWqrpqJ6t6LREX4BD/I=,Q2HSi6jqmBhCiSOA5Jko0EWrS+Y=
36,-19,UbxOp60euWqrpqJ6t6LREX4BD/I=,Q2HSi6jqmBhCiSOA5Jko0EWrS+Y=
37,-19,UbxOp60euWqrpqJ6t6LREX4BD/I=,Q2HSi6jqmBhCiSOA5Jko0EWrS+Y=
38,-19,UbxOp60euWqrpqJ6t6LREX4BD/I=,Q2HSi6jqmBhCiSOA5Jko0EWrS+Y=
40,-24,UbxOp60euWqrpqJ6t6LREX4BD/I=,TrCbXjZi0XnvPunPffIgorU/C8w=
39,-19,UbxOp60euWqrpqJ6t6LREX4BD/I=,Q2HSi6jqmBhCiSOA5Jko0EWrS+Y=
35,-24,UbxOp60euWqrpqJ6t6LREX4BD/I=,Q2HSi6jqmBhCiSOA5Jko0EWrS+Y=
36,-18,UbxOp60euWqrpqJ6t6LREX4BD/I=,Q2HSi6jqmBhCiSOA5Jko0EWrS+Y=
40,-23,UbxOp60euWqrpqJ6t6LREX4BD/I=,TrCbXjZi0XnvPunPffIgorU/C8w=
40,-19,UbxOp60euWqrpqJ6t6LREX4BD/I=,TrCbXjZi0XnvPunPffIgorU/C8w=
40,-22,UbxOp60euWqrpqJ6t6LREX4BD/I=,TrCbXjZi0XnvPunPffIgorU/C8w=
40,-20,UbxOp60euWqrpqJ6t6LREX4BD/I=,TrCbXjZi0XnvPunPffIgorU/C8w=
36,-24,UbxOp60euWqrpqJ6t6LREX4BD/I=,Q2HSi6jqmBhCiSOA5Jko0EWrS+Y=
37,-24,UbxOp60euWqrpqJ6t6LREX4BD/I=,Q2HSi6jqmBhCiSOA5Jko0EWrS+Y=
38,-24,UbxOp60euWqrpqJ6t6LREX4BD/I=,Q2HSi6jqmBhCiSOA5Jko0EWrS+Y=
33,-23,UbxOp60euWqrpqJ6t6LREX4BD/I=,Q2HSi6jqmBhCiSOA5Jko0EWrS+Y=
34,-23,UbxOp60euWqrpqJ6t6LREX4BD/I=,Q2HSi6jqmBhCiSOA5Jko0EWrS+Y=
35,-23,UbxOp60euWqrpqJ6t6LREX4BD/I=,Q2HSi6jqmBhCiSOA5Jko0EWrS+Y=
36,-23,UbxOp60euWqrpqJ6t6LREX4BD/I=,Q2HSi6jqmBhCiSOA5Jko0EWrS+Y=
37,-23,UbxOp60euWqrpqJ6t6LREX4BD/I=,Q2HSi6jqmBhCiSOA5Jko0EWrS+Y=
47,-22,UbxOp60euWqrpqJ6t6LREX4BD/I=,TrCbXjZi0XnvPunPffIgorU/C8w=
47,-19,UbxOp60euWqrpqJ6t6LREX4BD/I=,TrCbXjZi0XnvPunPffIgorU/C8w=
47,-18,UbxOp60euWqrpqJ6t6LREX4BD/I=,TrCbXjZi0XnvPunPffIgorU/C8w=
47,-20,UbxOp60euWqrpqJ6t6LREX4BD/I=,TrCbXjZi0XnvPunPffIgorU/C8w=
47,-23,UbxOp60euWqrpqJ6t6LREX4BD/I=,TrCbXjZi0XnvPunPffIgorU/C8w=
47,-21,UbxOp60euWqrpqJ6t6LREX4BD/I=,TrCbXjZi0XnvPunPffIgorU/C8w=
47,-17,UbxOp60euWqrpqJ6t6LREX4BD/I=,TrCbXjZi0XnvPunPffIgorU/C8w=
47,-24,UbxOp60euWqrpqJ6t6LREX4BD/I=,TrCbXjZi0XnvPunPffIgorU/C8w=
37,-18,UbxOp60euWqrpqJ6t6LREX4BD/I=,Q2HSi6jqmBhCiSOA5Jko0EWrS+Y=
38,-18,UbxOp60euWqrpqJ6t6LREX4BD/I=,Q2HSi6jqmBhCiSOA5Jko0EWrS+Y=
43,-17,UbxOp60euWqrpqJ6t6LREX4BD/I=,TrCbXjZi0XnvPunPffIgorU/C8w=
42,-17,UbxOp60euWqrpqJ6t6LREX4BD/I=,TrCbXjZi0XnvPunPffIgorU/C8w=
41,-17,UbxOp60euWqrpqJ6t6LREX4BD/I=,TrCbXjZi0XnvPunPffIgorU/C8w=
40,-17,UbxOp60euWqrpqJ6t6LREX4BD/I=,TrCbXjZi0XnvPunPffIgorU/C8w=
40,-18,UbxOp60euWqrpqJ6t6LREX4BD/I=,TrCbXjZi0XnvPunPffIgorU/C8w=
36,-17,UbxOp60euWqrpqJ6t6LREX4BD/I=,Q2HSi6jqmBhCiSOA5Jko0EWrS+Y=
39,-18,UbxOp60euWqrpqJ6t6LREX4BD/I=,Q2HSi6jqmBhCiSOA5Jko0EWrS+Y=
37,-17,UbxOp60euWqrpqJ6t6LREX4BD/I=,Q2HSi6jqmBhCiSOA5Jko0EWrS+Y=
39,-17,UbxOp60euWqrpqJ6t6LREX4BD/I=,Q2HSi6jqmBhCiSOA5Jko0EWrS+Y=
38,-17,UbxOp60euWqrpqJ6t6LREX4BD/I=,Q2HSi6jqmBhCiSOA5Jko0EWrS+Y=
32,-23,UbxOp60euWqrpqJ6t6LREX4BD/I=,Q2HSi6jqmBhCiSOA5Jko0EWrS+Y=
32,-24,UbxOp60euWqrpqJ6t6LREX4BD/I=,Q2HSi6jqmBhCiSOA5Jko0EWrS+Y=
32,-21,UbxOp60euWqrpqJ6t6LREX4BD/I=,Q2HSi6jqmBhCiSOA5Jko0EWrS+Y=
32,-22,UbxOp60euWqrpqJ6t6LREX4BD/I=,Q2HSi6jqmBhCiSOA5Jko0EWrS+Y=
35,-18,UbxOp60euWqrpqJ6t6LREX4BD/I=,Q2HSi6jqmBhCiSOA5Jko0EWrS+Y=
32,-20,UbxOp60euWqrpqJ6t6LREX4BD/I=,Q2HSi6jqmBhCiSOA5Jko0EWrS+Y=
33,-19,UbxOp60euWqrpqJ6t6LREX4BD/I=,Q2HSi6jqmBhCiSOA5Jko0EWrS+Y=
34,-18,UbxOp60euWqrpqJ6t6LREX4BD/I=,Q2HSi6jqmBhCiSOA5Jko0EWrS+Y=
32,-18,UbxOp60euWqrpqJ6t6LREX4BD/I=,Q2HSi6jqmBhCiSOA5Jko0EWrS+Y=
32,-19,UbxOp60euWqrpqJ6t6LREX4BD/I=,Q2HSi6jqmBhCiSOA5Jko0EWrS+Y=
33,-18,UbxOp60euWqrpqJ6t6LREX4BD/I=,Q2HSi6jqmBhCiSOA5Jko0EWrS+Y=
33,-17,UbxOp60euWqrpqJ6t6LREX4BD/I=,Q2HSi6jqmBhCiSOA5Jko0EWrS+Y=
34,-17,UbxOp60euWqrpqJ6t6LREX4BD/I=,Q2HSi6jqmBhCiSOA5Jko0EWrS+Y=
35,-17,UbxOp60euWqrpqJ6t6LREX4BD/I=,Q2HSi6jqmBhCiSOA5Jko0EWrS+Y=
32,-17,UbxOp60euWqrpqJ6t6LREX4BD/I=,Q2HSi6jqmBhCiSOA5Jko0EWrS+Y=
33,-7,UbxOp60euWqrpqJ6t6LREX4BD/I=,YpI53De0al0KSW9Ho7tlQ7v+56k=
38,-2,UbxOp60euWqrpqJ6t6LREX4BD/I=,YpI53De0al0KSW9Ho7tlQ7v+56k=
37,-2,UbxOp60euWqrpqJ6t6LREX4BD/I=,YpI53De0al0KSW9Ho7tlQ7v+56k=
35,-4,UbxOp60euWqrpqJ6t6LREX4BD/I=,YpI53De0al0KSW9Ho7tlQ7v+56k=
34,-4,UbxOp60euWqrpqJ6t6LREX4BD/I=,YpI53De0al0KSW9Ho7tlQ7v+56k=
34,-5,UbxOp60euWqrpqJ6t6LREX4BD/I=,YpI53De0al0KSW9Ho7tlQ7v+56k=
35,-5,UbxOp60euWqrpqJ6t6LREX4BD/I=,YpI53De0al0KSW9Ho7tlQ7v+56k=
33,-5,UbxOp60euWqrpqJ6t6LREX4BD/I=,YpI53De0al0KSW9Ho7tlQ7v+56k=
36,-6,zS1FIkr2W8wuJLaKBlPEIn8fwcE=,YpI53De0al0KSW9Ho7tlQ7v+56k=
35,-6,zS1FIkr2W8wuJLaKBlPEIn8fwcE=,YpI53De0al0KSW9Ho7tlQ7v+56k=
34,-6,zS1FIkr2W8wuJLaKBlPEIn8fwcE=,YpI53De0al0KSW9Ho7tlQ7v+56k=
33,-6,zS1FIkr2W8wuJLaKBlPEIn8fwcE=,YpI53De0al0KSW9Ho7tlQ7v+56k=
37,-7,zS1FIkr2W8wuJLaKBlPEIn8fwcE=,YpI53De0al0KSW9Ho7tlQ7v+56k=
36,-7,zS1FIkr2W8wuJLaKBlPEIn8fwcE=,YpI53De0al0KSW9Ho7tlQ7v+56k=
34,-7,zS1FIkr2W8wuJLaKBlPEIn8fwcE=,YpI53De0al0KSW9Ho7tlQ7v+56k=
35,-7,zS1FIkr2W8wuJLaKBlPEIn8fwcE=,YpI53De0al0KSW9Ho7tlQ7v+56k=
44,-10,AqHe2dj3mwK5frsiDpNZYq0TpcA=,FeWa5KIaoBXb+a7HW4yH4FmaAFU=
45,-10,AqHe2dj3mwK5frsiDpNZYq0TpcA=,FeWa5KIaoBXb+a7HW4yH4FmaAFU=
46,-10,AqHe2dj3mwK5frsiDpNZYq0TpcA=,FeWa5KIaoBXb+a7HW4yH4FmaAFU=
41,-15,AqHe2dj3mwK5frsiDpNZYq0TpcA=,FeWa5KIaoBXb+a7HW4yH4FmaAFU=
45,-15,AqHe2dj3mwK5frsiDpNZYq0TpcA=,FeWa5KIaoBXb+a7HW4yH4FmaAFU=
46,-15,AqHe2dj3mwK5frsiDpNZYq0TpcA=,FeWa5KIaoBXb+a7HW4yH4FmaAFU=
41,-14,AqHe2dj3mwK5frsiDpNZYq0TpcA=,FeWa5KIaoBXb+a7HW4yH4FmaAFU=
45,-14,AqHe2dj3mwK5frsiDpNZYq0TpcA=,FeWa5KIaoBXb+a7HW4yH4FmaAFU=
46,-14,AqHe2dj3mwK5frsiDpNZYq0TpcA=,FeWa5KIaoBXb+a7HW4yH4FmaAFU=
41,-13,AqHe2dj3mwK5frsiDpNZYq0TpcA=,FeWa5KIaoBXb+a7HW4yH4FmaAFU=
44,-13,AqHe2dj3mwK5frsiDpNZYq0TpcA=,FeWa5KIaoBXb+a7HW4yH4FmaAFU=
45,-13,AqHe2dj3mwK5frsiDpNZYq0TpcA=,FeWa5KIaoBXb+a7HW4yH4FmaAFU=
46,-13,AqHe2dj3mwK5frsiDpNZYq0TpcA=,FeWa5KIaoBXb+a7HW4yH4FmaAFU=
44,-12,AqHe2dj3mwK5frsiDpNZYq0TpcA=,FeWa5KIaoBXb+a7HW4yH4FmaAFU=
45,-12,AqHe2dj3mwK5frsiDpNZYq0TpcA=,FeWa5KIaoBXb+a7HW4yH4FmaAFU=
46,-12,AqHe2dj3mwK5frsiDpNZYq0TpcA=,FeWa5KIaoBXb+a7HW4yH4FmaAFU=
41,-11,AqHe2dj3mwK5frsiDpNZYq0TpcA=,FeWa5KIaoBXb+a7HW4yH4FmaAFU=
44,-11,AqHe2dj3mwK5frsiDpNZYq0TpcA=,FeWa5KIaoBXb+a7HW4yH4FmaAFU=
45,-11,AqHe2dj3mwK5frsiDpNZYq0TpcA=,FeWa5KIaoBXb+a7HW4yH4FmaAFU=
46,-11,AqHe2dj3mwK5frsiDpNZYq0TpcA=,FeWa5KIaoBXb+a7HW4yH4FmaAFU=
44,-7,AqHe2dj3mwK5frsiDpNZYq0TpcA=,v19gnBoHZeJxcixxtt+Ig5W8Qko=
41,-6,AqHe2dj3mwK5frsiDpNZYq0TpcA=,v19gnBoHZeJxcixxtt+Ig5W8Qko=
46,-7,AqHe2dj3mwK5frsiDpNZYq0TpcA=,v19gnBoHZeJxcixxtt+Ig5W8Qko=
44,-8,AqHe2dj3mwK5frsiDpNZYq0TpcA=,v19gnBoHZeJxcixxtt+Ig5W8Qko=
45,-2,AqHe2dj3mwK5frsiDpNZYq0TpcA=,v19gnBoHZeJxcixxtt+Ig5W8Qko=
41,-9,AqHe2dj3mwK5frsiDpNZYq0TpcA=,FeWa5KIaoBXb+a7HW4yH4FmaAFU=
44,-6,AqHe2dj3mwK5frsiDpNZYq0TpcA=,v19gnBoHZeJxcixxtt+Ig5W8Qko=
45,-6,AqHe2dj3mwK5frsiDpNZYq0TpcA=,v19gnBoHZeJxcixxtt+Ig5W8Qko=
44,-9,AqHe2dj3mwK5frsiDpNZYq0TpcA=,FeWa5KIaoBXb+a7HW4yH4FmaAFU=
45,-9,AqHe2dj3mwK5frsiDpNZYq0TpcA=,FeWa5KIaoBXb+a7HW4yH4FmaAFU=
45,-7,AqHe2dj3mwK5frsiDpNZYq0TpcA=,v19gnBoHZeJxcixxtt+Ig5W8Qko=
46,-9,AqHe2dj3mwK5frsiDpNZYq0TpcA=,FeWa5KIaoBXb+a7HW4yH4FmaAFU=
45,-8,AqHe2dj3mwK5frsiDpNZYq0TpcA=,v19gnBoHZeJxcixxtt+Ig5W8Qko=
46,-5,AqHe2dj3mwK5frsiDpNZYq0TpcA=,v19gnBoHZeJxcixxtt+Ig5W8Qko=
46,-8,AqHe2dj3mwK5frsiDpNZYq0TpcA=,v19gnBoHZeJxcixxtt+Ig5W8Qko=
40,-2,AqHe2dj3mwK5frsiDpNZYq0TpcA=,v19gnBoHZeJxcixxtt+Ig5W8Qko=
41,-2,AqHe2dj3mwK5frsiDpNZYq0TpcA=,v19gnBoHZeJxcixxtt+Ig5W8Qko=
46,-6,AqHe2dj3mwK5frsiDpNZYq0TpcA=,v19gnBoHZeJxcixxtt+Ig5W8Qko=
39,-2,AqHe2dj3mwK5frsiDpNZYq0TpcA=,YpI53De0al0KSW9Ho7tlQ7v+56k=
36,-1,AqHe2dj3mwK5frsiDpNZYq0TpcA=,YpI53De0al0KSW9Ho7tlQ7v+56k=
37,-1,AqHe2dj3mwK5frsiDpNZYq0TpcA=,YpI53De0al0KSW9Ho7tlQ7v+56k=
38,-1,AqHe2dj3mwK5frsiDpNZYq0TpcA=,YpI53De0al0KSW9Ho7tlQ7v+56k=
33,-1,AqHe2dj3mwK5frsiDpNZYq0TpcA=,YpI53De0al0KSW9Ho7tlQ7v+56k=
34,-1,AqHe2dj3mwK5frsiDpNZYq0TpcA=,YpI53De0al0KSW9Ho7tlQ7v+56k=
35,-1,AqHe2dj3mwK5frsiDpNZYq0TpcA=,YpI53De0al0KSW9Ho7tlQ7v+56k=
47,-5,AqHe2dj3mwK5frsiDpNZYq0TpcA=,v19gnBoHZeJxcixxtt+Ig5W8Qko=
47,-4,AqHe2dj3mwK5frsiDpNZYq0TpcA=,v19gnBoHZeJxcixxtt+Ig5W8Qko=
47,-7,AqHe2dj3mwK5frsiDpNZYq0TpcA=,v19gnBoHZeJxcixxtt+Ig5W8Qko=
47,-6,AqHe2dj3mwK5frsiDpNZYq0TpcA=,v19gnBoHZeJxcixxtt+Ig5W8Qko=
45,-1,AqHe2dj3mwK5frsiDpNZYq0TpcA=,v19gnBoHZeJxcixxtt+Ig5W8Qko=
46,-1,AqHe2dj3mwK5frsiDpNZYq0TpcA=,v19gnBoHZeJxcixxtt+Ig5W8Qko=
39,-1,AqHe2dj3mwK5frsiDpNZYq0TpcA=,YpI53De0al0KSW9Ho7tlQ7v+56k=
40,-1,AqHe2dj3mwK5frsiDpNZYq0TpcA=,v19gnBoHZeJxcixxtt+Ig5W8Qko=
41,-1,AqHe2dj3mwK5frsiDpNZYq0TpcA=,v19gnBoHZeJxcixxtt+Ig5W8Qko=
36,-2,AqHe2dj3mwK5frsiDpNZYq0TpcA=,YpI53De0al0KSW9Ho7tlQ7v+56k=
38,-3,AqHe2dj3mwK5frsiDpNZYq0TpcA=,YpI53De0al0KSW9Ho7tlQ7v+56k=
36,-4,AqHe2dj3mwK5frsiDpNZYq0TpcA=,YpI53De0al0KSW9Ho7tlQ7v+56k=
43,-3,AqHe2dj3mwK5frsiDpNZYq0TpcA=,v19gnBoHZeJxcixxtt+Ig5W8Qko=
39,-3,AqHe2dj3mwK5frsiDpNZYq0TpcA=,YpI53De0al0KSW9Ho7tlQ7v+56k=
36,-3,AqHe2dj3mwK5frsiDpNZYq0TpcA=,YpI53De0al0KSW9Ho7tlQ7v+56k=
41,-4,AqHe2dj3mwK5frsiDpNZYq0TpcA=,v19gnBoHZeJxcixxtt+Ig5W8Qko=
40,-3,AqHe2dj3mwK5frsiDpNZYq0TpcA=,v19gnBoHZeJxcixxtt+Ig5W8Qko=
41,-3,AqHe2dj3mwK5frsiDpNZYq0TpcA=,v19gnBoHZeJxcixxtt+Ig5W8Qko=
39,-4,AqHe2dj3mwK5frsiDpNZYq0TpcA=,YpI53De0al0KSW9Ho7tlQ7v+56k=
38,-4,AqHe2dj3mwK5frsiDpNZYq0TpcA=,YpI53De0al0KSW9Ho7tlQ7v+56k=
40,-4,AqHe2dj3mwK5frsiDpNZYq0TpcA=,v19gnBoHZeJxcixxtt+Ig5W8Qko=
43,-4,AqHe2dj3mwK5frsiDpNZYq0TpcA=,v19gnBoHZeJxcixxtt+Ig5W8Qko=
37,-3,AqHe2dj3mwK5frsiDpNZYq0TpcA=,YpI53De0al0KSW9Ho7tlQ7v+56k=
43,-2,AqHe2dj3mwK5frsiDpNZYq0TpcA=,v19gnBoHZeJxcixxtt+Ig5W8Qko=
42,-4,AqHe2dj3mwK5frsiDpNZYq0TpcA=,v19gnBoHZeJxcixxtt+Ig5W8Qko=
37,-4,AqHe2dj3mwK5frsiDpNZYq0TpcA=,YpI53De0al0KSW9Ho7tlQ7v+56k=
43,-1,AqHe2dj3mwK5frsiDpNZYq0TpcA=,v19gnBoHZeJxcixxtt+Ig5W8Qko=
42,-2,AqHe2dj3mwK5frsiDpNZYq0TpcA=,v19gnBoHZeJxcixxtt+Ig5W8Qko=
42,-1,AqHe2dj3mwK5frsiDpNZYq0TpcA=,v19gnBoHZeJxcixxtt+Ig5W8Qko=
42,-3,AqHe2dj3mwK5frsiDpNZYq0TpcA=,v19gnBoHZeJxcixxtt+Ig5W8Qko=
40,-10,AqHe2dj3mwK5frsiDpNZYq0TpcA=,FeWa5KIaoBXb+a7HW4yH4FmaAFU=
40,-15,AqHe2dj3mwK5frsiDpNZYq0TpcA=,FeWa5KIaoBXb+a7HW4yH4FmaAFU=
37,-13,AqHe2dj3mwK5frsiDpNZYq0TpcA=,FbvJTI/mb0eUYH38bnFjWS9amFw=
39,-14,AqHe2dj3mwK5frsiDpNZYq0TpcA=,FbvJTI/mb0eUYH38bnFjWS9amFw=
38,-14,AqHe2dj3mwK5frsiDpNZYq0TpcA=,FbvJTI/mb0eUYH38bnFjWS9amFw=
37,-14,AqHe2dj3mwK5frsiDpNZYq0TpcA=,FbvJTI/mb0eUYH38bnFjWS9amFw=
36,-8,AqHe2dj3mwK5frsiDpNZYq0TpcA=,YpI53De0al0KSW9Ho7tlQ7v+56k=
35,-8,AqHe2dj3mwK5frsiDpNZYq0TpcA=,YpI53De0al0KSW9Ho7tlQ7v+56k=
39,-15,AqHe2dj3mwK5frsiDpNZYq0TpcA=,FbvJTI/mb0eUYH38bnFjWS9amFw=
34,-8,AqHe2dj3mwK5frsiDpNZYq0TpcA=,YpI53De0al0KSW9Ho7tlQ7v+56k=
33,-8,AqHe2dj3mwK5frsiDpNZYq0TpcA=,YpI53De0al0KSW9Ho7tlQ7v+56k=
38,-15,AqHe2dj3mwK5frsiDpNZYq0TpcA=,FbvJTI/mb0eUYH38bnFjWS9amFw=
36,-9,AqHe2dj3mwK5frsiDpNZYq0TpcA=,FbvJTI/mb0eUYH38bnFjWS9amFw=
40,-11,AqHe2dj3mwK5frsiDpNZYq0TpcA=,FeWa5KIaoBXb+a7HW4yH4FmaAFU=
33,-9,AqHe2dj3mwK5frsiDpNZYq0TpcA=,FbvJTI/mb0eUYH38bnFjWS9amFw=
39,-10,AqHe2dj3mwK5frsiDpNZYq0TpcA=,FbvJTI/mb0eUYH38bnFjWS9amFw=
38,-10,AqHe2dj3mwK5frsiDpNZYq0TpcA=,FbvJTI/mb0eUYH38bnFjWS9amFw=
37,-8,AqHe2dj3mwK5frsiDpNZYq0TpcA=,YpI53De0al0KSW9Ho7tlQ7v+56k=
36,-5,AqHe2dj3mwK5frsiDpNZYq0TpcA=,YpI53De0al0KSW9Ho7tlQ7v+56k=
39,-11,AqHe2dj3mwK5frsiDpNZYq0TpcA=,FbvJTI/mb0eUYH38bnFjWS9amFw=
38,-11,AqHe2dj3mwK5frsiDpNZYq0TpcA=,FbvJTI/mb0eUYH38bnFjWS9amFw=
43,-7,AqHe2dj3mwK5frsiDpNZYq0TpcA=,v19gnBoHZeJxcixxtt+Ig5W8Qko=
36,-10,AqHe2dj3mwK5frsiDpNZYq0TpcA=,FbvJTI/mb0eUYH38bnFjWS9amFw=
38,-8,AqHe2dj3mwK5frsiDpNZYq0TpcA=,YpI53De0al0KSW9Ho7tlQ7v+56k=
37,-11,AqHe2dj3mwK5frsiDpNZYq0TpcA=,FbvJTI/mb0eUYH38bnFjWS9amFw=
38,-6,AqHe2dj3mwK5frsiDpNZYq0TpcA=,YpI53De0al0KSW9Ho7tlQ7v+56k=
38,-7,AqHe2dj3mwK5frsiDpNZYq0TpcA=,YpI53De0al0KSW9Ho7tlQ7v+56k=
39,-6,AqHe2dj3mwK5frsiDpNZYq0TpcA=,YpI53De0al0KSW9Ho7tlQ7v+56k=
41,-12,AqHe2dj3mwK5frsiDpNZYq0TpcA=,FeWa5KIaoBXb+a7HW4yH4FmaAFU=
39,-7,AqHe2dj3mwK5frsiDpNZYq0TpcA=,YpI53De0al0KSW9Ho7tlQ7v+56k=
38,-5,AqHe2dj3mwK5frsiDpNZYq0TpcA=,YpI53De0al0KSW9Ho7tlQ7v+56k=
39,-8,AqHe2dj3mwK5frsiDpNZYq0TpcA=,YpI53De0al0KSW9Ho7tlQ7v+56k=
43,-12,AqHe2dj3mwK5frsiDpNZYq0TpcA=,FeWa5KIaoBXb+a7HW4yH4FmaAFU=
43,-10,AqHe2dj3mwK5frsiDpNZYq0TpcA=,FeWa5KIaoBXb+a7HW4yH4FmaAFU=
37,-10,AqHe2dj3mwK5frsiDpNZYq0TpcA=,FbvJTI/mb0eUYH38bnFjWS9amFw=
40,-12,AqHe2dj3mwK5frsiDpNZYq0TpcA=,FeWa5KIaoBXb+a7HW4yH4FmaAFU=
39,-12,AqHe2dj3mwK5frsiDpNZYq0TpcA=,FbvJTI/mb0eUYH38bnFjWS9amFw=
36,-11,AqHe2dj3mwK5frsiDpNZYq0TpcA=,FbvJTI/mb0eUYH38bnFjWS9amFw=
41,-10,AqHe2dj3mwK5frsiDpNZYq0TpcA=,FeWa5KIaoBXb+a7HW4yH4FmaAFU=
40,-8,AqHe2dj3mwK5frsiDpNZYq0TpcA=,v19gnBoHZeJxcixxtt+Ig5W8Qko=
38,-12,AqHe2dj3mwK5frsiDpNZYq0TpcA=,FbvJTI/mb0eUYH38bnFjWS9amFw=
43,-9,AqHe2dj3mwK5frsiDpNZYq0TpcA=,FeWa5KIaoBXb+a7HW4yH4FmaAFU=
37,-12,AqHe2dj3mwK5frsiDpNZYq0TpcA=,FbvJTI/mb0eUYH38bnFjWS9amFw=
36,-12,AqHe2dj3mwK5frsiDpNZYq0TpcA=,FbvJTI/mb0eUYH38bnFjWS9amFw=
35,-12,AqHe2dj3mwK5frsiDpNZYq0TpcA=,FbvJTI/mb0eUYH38bnFjWS9amFw=
40,-13,AqHe2dj3mwK5frsiDpNZYq0TpcA=,FeWa5KIaoBXb+a7HW4yH4FmaAFU=
39,-13,AqHe2dj3mwK5frsiDpNZYq0TpcA=,FbvJTI/mb0eUYH38bnFjWS9amFw=
38,-13,AqHe2dj3mwK5frsiDpNZYq0TpcA=,FbvJTI/mb0eUYH38bnFjWS9amFw=
40,-9,AqHe2dj3mwK5frsiDpNZYq0TpcA=,FeWa5KIaoBXb+a7HW4yH4FmaAFU=
39,-5,AqHe2dj3mwK5frsiDpNZYq0TpcA=,YpI53De0al0KSW9Ho7tlQ7v+56k=
40,-14,AqHe2dj3mwK5frsiDpNZYq0TpcA=,FeWa5KIaoBXb+a7HW4yH4FmaAFU=
39,-9,AqHe2dj3mwK5frsiDpNZYq0TpcA=,FbvJTI/mb0eUYH38bnFjWS9amFw=
42,-11,AqHe2dj3mwK5frsiDpNZYq0TpcA=,FeWa5KIaoBXb+a7HW4yH4FmaAFU=
37,-6,AqHe2dj3mwK5frsiDpNZYq0TpcA=,YpI53De0al0KSW9Ho7tlQ7v+56k=
40,-6,AqHe2dj3mwK5frsiDpNZYq0TpcA=,v19gnBoHZeJxcixxtt+Ig5W8Qko=
37,-9,AqHe2dj3mwK5frsiDpNZYq0TpcA=,FbvJTI/mb0eUYH38bnFjWS9amFw=
42,-7,AqHe2dj3mwK5frsiDpNZYq0TpcA=,v19gnBoHZeJxcixxtt+Ig5W8Qko=
43,-11,AqHe2dj3mwK5frsiDpNZYq0TpcA=,FeWa5KIaoBXb+a7HW4yH4FmaAFU=
41,-7,AqHe2dj3mwK5frsiDpNZYq0TpcA=,v19gnBoHZeJxcixxtt+Ig5W8Qko=
38,-9,AqHe2dj3mwK5frsiDpNZYq0TpcA=,FbvJTI/mb0eUYH38bnFjWS9amFw=
41,-5,AqHe2dj3mwK5frsiDpNZYq0TpcA=,v19gnBoHZeJxcixxtt+Ig5W8Qko=
42,-12,AqHe2dj3mwK5frsiDpNZYq0TpcA=,FeWa5KIaoBXb+a7HW4yH4FmaAFU=
40,-7,AqHe2dj3mwK5frsiDpNZYq0TpcA=,v19gnBoHZeJxcixxtt+Ig5W8Qko=
40,-5,AqHe2dj3mwK5frsiDpNZYq0TpcA=,v19gnBoHZeJxcixxtt+Ig5W8Qko=
42,-10,AqHe2dj3mwK5frsiDpNZYq0TpcA=,FeWa5KIaoBXb+a7HW4yH4FmaAFU=
41,-8,AqHe2dj3mwK5frsiDpNZYq0TpcA=,v19gnBoHZeJxcixxtt+Ig5W8Qko=
43,-5,AqHe2dj3mwK5frsiDpNZYq0TpcA=,v19gnBoHZeJxcixxtt+Ig5W8Qko=
37,-5,AqHe2dj3mwK5frsiDpNZYq0TpcA=,YpI53De0al0KSW9Ho7tlQ7v+56k=
43,-8,AqHe2dj3mwK5frsiDpNZYq0TpcA=,v19gnBoHZeJxcixxtt+Ig5W8Qko=
43,-6,AqHe2dj3mwK5frsiDpNZYq0TpcA=,v19gnBoHZeJxcixxtt+Ig5W8Qko=
42,-9,AqHe2dj3mwK5frsiDpNZYq0TpcA=,FeWa5KIaoBXb+a7HW4yH4FmaAFU=
42,-6,AqHe2dj3mwK5frsiDpNZYq0TpcA=,v19gnBoHZeJxcixxtt+Ig5W8Qko=
42,-8,AqHe2dj3mwK5frsiDpNZYq0TpcA=,v19gnBoHZeJxcixxtt+Ig5W8Qko=
42,-5,AqHe2dj3mwK5frsiDpNZYq0TpcA=,v19gnBoHZeJxcixxtt+Ig5W8Qko=
44,-16,AqHe2dj3mwK5frsiDpNZYq0TpcA=,FeWa5KIaoBXb+a7HW4yH4FmaAFU=
45,-16,AqHe2dj3mwK5frsiDpNZYq0TpcA=,FeWa5KIaoBXb+a7HW4yH4FmaAFU=
46,-16,AqHe2dj3mwK5frsiDpNZYq0TpcA=,FeWa5KIaoBXb+a7HW4yH4FmaAFU=
40,-16,AqHe2dj3mwK5frsiDpNZYq0TpcA=,FeWa5KIaoBXb+a7HW4yH4FmaAFU=
36,-13,AqHe2dj3mwK5frsiDpNZYq0TpcA=,FbvJTI/mb0eUYH38bnFjWS9amFw=
36,-15,AqHe2dj3mwK5frsiDpNZYq0TpcA=,FbvJTI/mb0eUYH38bnFjWS9amFw=
39,-16,AqHe2dj3mwK5frsiDpNZYq0TpcA=,FbvJTI/mb0eUYH38bnFjWS9amFw=
37,-15,AqHe2dj3mwK5frsiDpNZYq0TpcA=,FbvJTI/mb0eUYH38bnFjWS9amFw=
36,-14,AqHe2dj3mwK5frsiDpNZYq0TpcA=,FbvJTI/mb0eUYH38bnFjWS9amFw=
42,-15,AqHe2dj3mwK5frsiDpNZYq0TpcA=,FeWa5KIaoBXb+a7HW4yH4FmaAFU=
42,-13,AqHe2dj3mwK5frsiDpNZYq0TpcA=,FeWa5KIaoBXb+a7HW4yH4FmaAFU=
42,-14,AqHe2dj3mwK5frsiDpNZYq0TpcA=,FeWa5KIaoBXb+a7HW4yH4FmaAFU=
41,-16,AqHe2dj3mwK5frsiDpNZYq0TpcA=,FeWa5KIaoBXb+a7HW4yH4FmaAFU=
43,-15,AqHe2dj3mwK5frsiDpNZYq0TpcA=,FeWa5KIaoBXb+a7HW4yH4FmaAFU=
37,-16,AqHe2dj3mwK5frsiDpNZYq0TpcA=,FbvJTI/mb0eUYH38bnFjWS9amFw=
43,-13,AqHe2dj3mwK5frsiDpNZYq0TpcA=,FeWa5KIaoBXb+a7HW4yH4FmaAFU=
36,-16,AqHe2dj3mwK5frsiDpNZYq0TpcA=,FbvJTI/mb0eUYH38bnFjWS9amFw=
43,-16,AqHe2dj3mwK5frsiDpNZYq0TpcA=,FeWa5KIaoBXb+a7HW4yH4FmaAFU=
38,-16,AqHe2dj3mwK5frsiDpNZYq0TpcA=,FbvJTI/mb0eUYH38bnFjWS9amFw=
43,-14,AqHe2dj3mwK5frsiDpNZYq0TpcA=,FeWa5KIaoBXb+a7HW4yH4FmaAFU=
47,-10,AqHe2dj3mwK5frsiDpNZYq0TpcA=,FeWa5KIaoBXb+a7HW4yH4FmaAFU=
42,-16,AqHe2dj3mwK5frsiDpNZYq0TpcA=,FeWa5KIaoBXb+a7HW4yH4FmaAFU=
47,-14,AqHe2dj3mwK5frsiDpNZYq0TpcA=,FeWa5KIaoBXb+a7HW4yH4FmaAFU=
47,-11,AqHe2dj3mwK5frsiDpNZYq0TpcA=,FeWa5KIaoBXb+a7HW4yH4FmaAFU=
47,-12,AqHe2dj3mwK5frsiDpNZYq0TpcA=,FeWa5KIaoBXb+a7HW4yH4FmaAFU=
47,-15,AqHe2dj3mwK5frsiDpNZYq0TpcA=,FeWa5KIaoBXb+a7HW4yH4FmaAFU=
47,-13,AqHe2dj3mwK5frsiDpNZYq0TpcA=,FeWa5KIaoBXb+a7HW4yH4FmaAFU=
47,-8,AqHe2dj3mwK5frsiDpNZYq0TpcA=,v19gnBoHZeJxcixxtt+Ig5W8Qko=
47,-9,AqHe2dj3mwK5frsiDpNZYq0TpcA=,FeWa5KIaoBXb+a7HW4yH4FmaAFU=
47,-16,AqHe2dj3mwK5frsiDpNZYq0TpcA=,FeWa5KIaoBXb+a7HW4yH4FmaAFU=
32,-7,AqHe2dj3mwK5frsiDpNZYq0TpcA=,YpI53De0al0KSW9Ho7tlQ7v+56k=
32,-6,AqHe2dj3mwK5frsiDpNZYq0TpcA=,YpI53De0al0KSW9Ho7tlQ7v+56k=
32,-5,AqHe2dj3mwK5frsiDpNZYq0TpcA=,YpI53De0al0KSW9Ho7tlQ7v+56k=
32,-2,AqHe2dj3mwK5frsiDpNZYq0TpcA=,YpI53De0al0KSW9Ho7tlQ7v+56k=
32,-1,AqHe2dj3mwK5frsiDpNZYq0TpcA=,YpI53De0al0KSW9Ho7tlQ7v+56k=
44,-5,AqHe2dj3mwK5frsiDpNZYq0TpcA=,v19gnBoHZeJxcixxtt+Ig5W8Qko=
44,-15,AqHe2dj3mwK5frsiDpNZYq0TpcA=,FeWa5KIaoBXb+a7HW4yH4FmaAFU=
45,-5,AqHe2dj3mwK5frsiDpNZYq0TpcA=,v19gnBoHZeJxcixxtt+Ig5W8Qko=
33,-2,AqHe2dj3mwK5frsiDpNZYq0TpcA=,YpI53De0al0KSW9Ho7tlQ7v+56k=
32,-4,AqHe2dj3mwK5frsiDpNZYq0TpcA=,YpI53De0al0KSW9Ho7tlQ7v+56k=
33,-4,AqHe2dj3mwK5frsiDpNZYq0TpcA=,YpI53De0al0KSW9Ho7tlQ7v+56k=
35,-2,AqHe2dj3mwK5frsiDpNZYq0TpcA=,YpI53De0al0KSW9Ho7tlQ7v+56k=
44,-14,AqHe2dj3mwK5frsiDpNZYq0TpcA=,FeWa5KIaoBXb+a7HW4yH4FmaAFU=
33,-3,AqHe2dj3mwK5frsiDpNZYq0TpcA=,YpI53De0al0KSW9Ho7tlQ7v+56k=
32,-9,AqHe2dj3mwK5frsiDpNZYq0TpcA=,FbvJTI/mb0eUYH38bnFjWS9amFw=
32,-8,AqHe2dj3mwK5frsiDpNZYq0TpcA=,YpI53De0al0KSW9Ho7tlQ7v+56k=
32,-3,AqHe2dj3mwK5frsiDpNZYq0TpcA=,YpI53De0al0KSW9Ho7tlQ7v+56k=
35,-9,AqHe2dj3mwK5frsiDpNZYq0TpcA=,FbvJTI/mb0eUYH38bnFjWS9amFw=
45,-4,AqHe2dj3mwK5frsiDpNZYq0TpcA=,v19gnBoHZeJxcixxtt+Ig5W8Qko=
34,-2,AqHe2dj3mwK5frsiDpNZYq0TpcA=,YpI53De0al0KSW9Ho7tlQ7v+56k=
47,-1,AqHe2dj3mwK5frsiDpNZYq0TpcA=,v19gnBoHZeJxcixxtt+Ig5W8Qko=
34,-9,AqHe2dj3mwK5frsiDpNZYq0TpcA=,FbvJTI/mb0eUYH38bnFjWS9amFw=
33,-10,AqHe2dj3mwK5frsiDpNZYq0TpcA=,FbvJTI/mb0eUYH38bnFjWS9amFw=
44,-3,AqHe2dj3mwK5frsiDpNZYq0TpcA=,v19gnBoHZeJxcixxtt+Ig5W8Qko=
35,-10,AqHe2dj3mwK5frsiDpNZYq0TpcA=,FbvJTI/mb0eUYH38bnFjWS9amFw=
34,-10,AqHe2dj3mwK5frsiDpNZYq0TpcA=,FbvJTI/mb0eUYH38bnFjWS9amFw=
44,-4,AqHe2dj3mwK5frsiDpNZYq0TpcA=,v19gnBoHZeJxcixxtt+Ig5W8Qko=
35,-3,AqHe2dj3mwK5frsiDpNZYq0TpcA=,YpI53De0al0KSW9Ho7tlQ7v+56k=
35,-11,AqHe2dj3mwK5frsiDpNZYq0TpcA=,FbvJTI/mb0eUYH38bnFjWS9amFw=
44,-2,AqHe2dj3mwK5frsiDpNZYq0TpcA=,v19gnBoHZeJxcixxtt+Ig5W8Qko=
44,-1,AqHe2dj3mwK5frsiDpNZYq0TpcA=,v19gnBoHZeJxcixxtt+Ig5W8Qko=
47,-3,AqHe2dj3mwK5frsiDpNZYq0TpcA=,v19gnBoHZeJxcixxtt+Ig5W8Qko=
47,-2,AqHe2dj3mwK5frsiDpNZYq0TpcA=,v19gnBoHZeJxcixxtt+Ig5W8Qko=
34,-11,AqHe2dj3mwK5frsiDpNZYq0TpcA=,FbvJTI/mb0eUYH38bnFjWS9amFw=
32,-10,AqHe2dj3mwK5frsiDpNZYq0TpcA=,FbvJTI/mb0eUYH38bnFjWS9amFw=
46,-2,AqHe2dj3mwK5frsiDpNZYq0TpcA=,v19gnBoHZeJxcixxtt+Ig5W8Qko=
34,-12,AqHe2dj3mwK5frsiDpNZYq0TpcA=,FbvJTI/mb0eUYH38bnFjWS9amFw=
46,-4,AqHe2dj3mwK5frsiDpNZYq0TpcA=,v19gnBoHZeJxcixxtt+Ig5W8Qko=
34,-3,AqHe2dj3mwK5frsiDpNZYq0TpcA=,YpI53De0al0KSW9Ho7tlQ7v+56k=
33,-11,AqHe2dj3mwK5frsiDpNZYq0TpcA=,FbvJTI/mb0eUYH38bnFjWS9amFw=
32,-12,AqHe2dj3mwK5frsiDpNZYq0TpcA=,FbvJTI/mb0eUYH38bnFjWS9amFw=
46,-3,AqHe2dj3mwK5frsiDpNZYq0TpcA=,v19gnBoHZeJxcixxtt+Ig5W8Qko=
45,-3,AqHe2dj3mwK5frsiDpNZYq0TpcA=,v19gnBoHZeJxcixxtt+Ig5W8Qko=
33,-12,AqHe2dj3mwK5frsiDpNZYq0TpcA=,FbvJTI/mb0eUYH38bnFjWS9amFw=
33,-13,AqHe2dj3mwK5frsiDpNZYq0TpcA=,FbvJTI/mb0eUYH38bnFjWS9amFw=
32,-11,AqHe2dj3mwK5frsiDpNZYq0TpcA=,FbvJTI/mb0eUYH38bnFjWS9amFw=
32,-15,AqHe2dj3mwK5frsiDpNZYq0TpcA=,FbvJTI/mb0eUYH38bnFjWS9amFw=
32,-14,AqHe2dj3mwK5frsiDpNZYq0TpcA=,FbvJTI/mb0eUYH38bnFjWS9amFw=
35,-13,AqHe2dj3mwK5frsiDpNZYq0TpcA=,FbvJTI/mb0eUYH38bnFjWS9amFw=
33,-14,AqHe2dj3mwK5frsiDpNZYq0TpcA=,FbvJTI/mb0eUYH38bnFjWS9amFw=
32,-16,AqHe2dj3mwK5frsiDpNZYq0TpcA=,FbvJTI/mb0eUYH38bnFjWS9amFw=
32,-13,AqHe2dj3mwK5frsiDpNZYq0TpcA=,FbvJTI/mb0eUYH38bnFjWS9amFw=
35,-15,AqHe2dj3mwK5frsiDpNZYq0TpcA=,FbvJTI/mb0eUYH38bnFjWS9amFw=
34,-13,AqHe2dj3mwK5frsiDpNZYq0TpcA=,FbvJTI/mb0eUYH38bnFjWS9amFw=
33,-16,AqHe2dj3mwK5frsiDpNZYq0TpcA=,FbvJTI/mb0eUYH38bnFjWS9amFw=
35,-14,AqHe2dj3mwK5frsiDpNZYq0TpcA=,FbvJTI/mb0eUYH38bnFjWS9amFw=
33,-15,AqHe2dj3mwK5frsiDpNZYq0TpcA=,FbvJTI/mb0eUYH38bnFjWS9amFw=
34,-15,AqHe2dj3mwK5frsiDpNZYq0TpcA=,FbvJTI/mb0eUYH38bnFjWS9amFw=
34,-16,AqHe2dj3mwK5frsiDpNZYq0TpcA=,FbvJTI/mb0eUYH38bnFjWS9amFw=
34,-14,AqHe2dj3mwK5frsiDpNZYq0TpcA=,FbvJTI/mb0eUYH38bnFjWS9amFw=
35,-16,AqHe2dj3mwK5frsiDpNZYq0TpcA=,FbvJTI/mb0eUYH38bnFjWS9amFw=
