129,138,khv+lPwibZg/m+jJIAU95ZkDyJw=,eCnd8D2MU1J0Fm/ZYC1jFe5qPKQ=
135,137,khv+lPwibZg/m+jJIAU95ZkDyJw=,eCnd8D2MU1J0Fm/ZYC1jFe5qPKQ=
134,137,khv+lPwibZg/m+jJIAU95ZkDyJw=,eCnd8D2MU1J0Fm/ZYC1jFe5qPKQ=
132,137,khv+lPwibZg/m+jJIAU95ZkDyJw=,eCnd8D2MU1J0Fm/ZYC1jFe5qPKQ=
133,137,khv+lPwibZg/m+jJIAU95ZkDyJw=,eCnd8D2MU1J0Fm/ZYC1jFe5qPKQ=
131,137,khv+lPwibZg/m+jJIAU95ZkDyJw=,eCnd8D2MU1J0Fm/ZYC1jFe5qPKQ=
135,142,khv+lPwibZg/m+jJIAU95ZkDyJw=,eCnd8D2MU1J0Fm/ZYC1jFe5qPKQ=
134,142,khv+lPwibZg/m+jJIAU95ZkDyJw=,eCnd8D2MU1J0Fm/ZYC1jFe5qPKQ=
133,142,khv+lPwibZg/m+jJIAU95ZkDyJw=,eCnd8D2MU1J0Fm/ZYC1jFe5qPKQ=
132,142,khv+lPwibZg/m+jJIAU95ZkDyJw=,eCnd8D2MU1J0Fm/ZYC1jFe5qPKQ=
131,142,khv+lPwibZg/m+jJIAU95ZkDyJw=,eCnd8D2MU1J0Fm/ZYC1jFe5qPKQ=
130,142,khv+lPwibZg/m+jJIAU95ZkDyJw=,eCnd8D2MU1J0Fm/ZYC1jFe5qPKQ=
129,142,khv+lPwibZg/m+jJIAU95ZkDyJw=,eCnd8D2MU1J0Fm/ZYC1jFe5qPKQ=
134,141,khv+lPwibZg/m+jJIAU95ZkDyJw=,eCnd8D2MU1J0Fm/ZYC1jFe5qPKQ=
135,141,khv+lPwibZg/m+jJIAU95ZkDyJw=,eCnd8D2MU1J0Fm/ZYC1jFe5qPKQ=
133,141,khv+lPwibZg/m+jJIAU95ZkDyJw=,eCnd8D2MU1J0Fm/ZYC1jFe5qPKQ=
132,141,khv+lPwibZg/m+jJIAU95ZkDyJw=,eCnd8D2MU1J0Fm/ZYC1jFe5qPKQ=
131,141,khv+lPwibZg/m+jJIAU95ZkDyJw=,eCnd8D2MU1J0Fm/ZYC1jFe5qPKQ=
130,137,khv+lPwibZg/m+jJIAU95ZkDyJw=,eCnd8D2MU1J0Fm/ZYC1jFe5qPKQ=
130,141,khv+lPwibZg/m+jJIAU95ZkDyJw=,eCnd8D2MU1J0Fm/ZYC1jFe5qPKQ=
129,141,khv+lPwibZg/m+jJIAU95ZkDyJw=,eCnd8D2MU1J0Fm/ZYC1jFe5qPKQ=
135,140,khv+lPwibZg/m+jJIAU95ZkDyJw=,eCnd8D2MU1J0Fm/ZYC1jFe5qPKQ=
134,140,khv+lPwibZg/m+jJIAU95ZkDyJw=,eCnd8D2MU1J0Fm/ZYC1jFe5qPKQ=
133,140,khv+lPwibZg/m+jJIAU95ZkDyJw=,eCnd8D2MU1J0Fm/ZYC1jFe5qPKQ=
132,140,khv+lPwibZg/m+jJIAU95ZkDyJw=,eCnd8D2MU1J0Fm/ZYC1jFe5qPKQ=
131,140,khv+lPwibZg/m+jJIAU95ZkDyJw=,eCnd8D2MU1J0Fm/ZYC1jFe5qPKQ=
130,140,khv+lPwibZg/m+jJIAU95ZkDyJw=,eCnd8D2MU1J0Fm/ZYC1jFe5qPKQ=
129,140,khv+lPwibZg/m+jJIAU95ZkDyJw=,eCnd8D2MU1J0Fm/ZYC1jFe5qPKQ=
129,137,khv+lPwibZg/m+jJIAU95ZkDyJw=,eCnd8D2MU1J0Fm/ZYC1jFe5qPKQ=
135,139,khv+lPwibZg/m+jJIAU95ZkDyJw=,eCnd8D2MU1J0Fm/ZYC1jFe5qPKQ=
134,139,khv+lPwibZg/m+jJIAU95ZkDyJw=,eCnd8D2MU1J0Fm/ZYC1jFe5qPKQ=
133,139,khv+lPwibZg/m+jJIAU95ZkDyJw=,eCnd8D2MU1J0Fm/ZYC1jFe5qPKQ=
132,139,khv+lPwibZg/m+jJIAU95ZkDyJw=,eCnd8D2MU1J0Fm/ZYC1jFe5qPKQ=
131,139,khv+lPwibZg/m+jJIAU95ZkDyJw=,eCnd8D2MU1J0Fm/ZYC1jFe5qPKQ=
130,139,khv+lPwibZg/m+jJIAU95ZkDyJw=,eCnd8D2MU1J0Fm/ZYC1jFe5qPKQ=
129,139,khv+lPwibZg/m+jJIAU95ZkDyJw=,eCnd8D2MU1J0Fm/ZYC1jFe5qPKQ=
135,138,khv+lPwibZg/m+jJIAU95ZkDyJw=,eCnd8D2MU1J0Fm/ZYC1jFe5qPKQ=
134,138,khv+lPwibZg/m+jJIAU95ZkDyJw=,eCnd8D2MU1J0Fm/ZYC1jFe5qPKQ=
133,138,khv+lPwibZg/m+jJIAU95ZkDyJw=,eCnd8D2MU1J0Fm/ZYC1jFe5qPKQ=
132,138,khv+lPwibZg/m+jJIAU95ZkDyJw=,eCnd8D2MU1J0Fm/ZYC1jFe5qPKQ=
131,138,khv+lPwibZg/m+jJIAU95ZkDyJw=,eCnd8D2MU1J0Fm/ZYC1jFe5qPKQ=
130,138,khv+lPwibZg/m+jJIAU95ZkDyJw=,eCnd8D2MU1J0Fm/ZYC1jFe5qPKQ=
134,135,khv+lPwibZg/m+jJIAU95ZkDyJw=,0Ocdx/BhfrZATk4W/3SQjjXYwaI=
134,134,khv+lPwibZg/m+jJIAU95ZkDyJw=,0Ocdx/BhfrZATk4W/3SQjjXYwaI=
135,135,khv+lPwibZg/m+jJIAU95ZkDyJw=,0Ocdx/BhfrZATk4W/3SQjjXYwaI=
132,131,khv+lPwibZg/m+jJIAU95ZkDyJw=,0Ocdx/BhfrZATk4W/3SQjjXYwaI=
130,130,khv+lPwibZg/m+jJIAU95ZkDyJw=,0Ocdx/BhfrZATk4W/3SQjjXYwaI=
135,134,khv+lPwibZg/m+jJIAU95ZkDyJw=,0Ocdx/BhfrZATk4W/3SQjjXYwaI=
133,131,khv+lPwibZg/m+jJIAU95ZkDyJw=,0Ocdx/BhfrZATk4W/3SQjjXYwaI=
131,130,khv+lPwibZg/m+jJIAU95ZkDyJw=,0Ocdx/BhfrZATk4W/3SQjjXYwaI=
132,130,khv+lPwibZg/m+jJIAU95ZkDyJw=,0Ocdx/BhfrZATk4W/3SQjjXYwaI=
133,130,khv+lPwibZg/m+jJIAU95ZkDyJw=,0Ocdx/BhfrZATk4W/3SQjjXYwaI=
134,130,khv+lPwibZg/m+jJIAU95ZkDyJw=,0Ocdx/BhfrZATk4W/3SQjjXYwaI=
134,131,khv+lPwibZg/m+jJIAU95ZkDyJw=,0Ocdx/BhfrZATk4W/3SQjjXYwaI=
135,130,khv+lPwibZg/m+jJIAU95ZkDyJw=,0Ocdx/BhfrZATk4W/3SQjjXYwaI=
135,131,khv+lPwibZg/m+jJIAU95ZkDyJw=,0Ocdx/BhfrZATk4W/3SQjjXYwaI=
134,132,khv+lPwibZg/m+jJIAU95ZkDyJw=,0Ocdx/BhfrZATk4W/3SQjjXYwaI=
135,132,khv+lPwibZg/m+jJIAU95ZkDyJw=,0Ocdx/BhfrZATk4W/3SQjjXYwaI=
134,133,khv+lPwibZg/m+jJIAU95ZkDyJw=,0Ocdx/BhfrZATk4W/3SQjjXYwaI=
135,133,khv+lPwibZg/m+jJIAU95ZkDyJw=,0Ocdx/BhfrZATk4W/3SQjjXYwaI=
129,136,khv+lPwibZg/m+jJIAU95ZkDyJw=,eCnd8D2MU1J0Fm/ZYC1jFe5qPKQ=
129,133,khv+lPwibZg/m+jJIAU95ZkDyJw=,0Ocdx/BhfrZATk4W/3SQjjXYwaI=
130,133,khv+lPwibZg/m+jJIAU95ZkDyJw=,0Ocdx/BhfrZATk4W/3SQjjXYwaI=
131,133,khv+lPwibZg/m+jJIAU95ZkDyJw=,0Ocdx/BhfrZATk4W/3SQjjXYwaI=
129,131,khv+lPwibZg/m+jJIAU95ZkDyJw=,0Ocdx/BhfrZATk4W/3SQjjXYwaI=
130,136,khv+lPwibZg/m+jJIAU95ZkDyJw=,eCnd8D2MU1J0Fm/ZYC1jFe5qPKQ=
131,136,khv+lPwibZg/m+jJIAU95ZkDyJw=,eCnd8D2MU1J0Fm/ZYC1jFe5qPKQ=
130,129,khv+lPwibZg/m+jJIAU95ZkDyJw=,0Ocdx/BhfrZATk4W/3SQjjXYwaI=
129,134,khv+lPwibZg/m+jJIAU95ZkDyJw=,0Ocdx/BhfrZATk4W/3SQjjXYwaI=
130,134,khv+lPwibZg/m+jJIAU95ZkDyJw=,0Ocdx/BhfrZATk4W/3SQjjXYwaI=
129,132,khv+lPwibZg/m+jJIAU95ZkDyJw=,0Ocdx/BhfrZATk4W/3SQjjXYwaI=
132,136,khv+lPwibZg/m+jJIAU95ZkDyJw=,eCnd8D2MU1J0Fm/ZYC1jFe5qPKQ=
130,132,khv+lPwibZg/m+jJIAU95ZkDyJw=,0Ocdx/BhfrZATk4W/3SQjjXYwaI=
131,129,khv+lPwibZg/m+jJIAU95ZkDyJw=,0Ocdx/BhfrZATk4W/3SQjjXYwaI=
133,136,khv+lPwibZg/m+jJIAU95ZkDyJw=,eCnd8D2MU1J0Fm/ZYC1jFe5qPKQ=
132,133,khv+lPwibZg/m+jJIAU95ZkDyJw=,0Ocdx/BhfrZATk4W/3SQjjXYwaI=
130,131,khv+lPwibZg/m+jJIAU95ZkDyJw=,0Ocdx/BhfrZATk4W/3SQjjXYwaI=
131,132,khv+lPwibZg/m+jJIAU95ZkDyJw=,0Ocdx/BhfrZATk4W/3SQjjXYwaI=
129,135,khv+lPwibZg/m+jJIAU95ZkDyJw=,0Ocdx/BhfrZATk4W/3SQjjXYwaI=
131,131,khv+lPwibZg/m+jJIAU95ZkDyJw=,0Ocdx/BhfrZATk4W/3SQjjXYwaI=
134,136,khv+lPwibZg/m+jJIAU95ZkDyJw=,eCnd8D2MU1J0Fm/ZYC1jFe5qPKQ=
130,135,khv+lPwibZg/m+jJIAU95ZkDyJw=,0Ocdx/BhfrZATk4W/3SQjjXYwaI=
132,129,khv+lPwibZg/m+jJIAU95ZkDyJw=,0Ocdx/BhfrZATk4W/3SQjjXYwaI=
133,129,khv+lPwibZg/m+jJIAU95ZkDyJw=,0Ocdx/BhfrZATk4W/3SQjjXYwaI=
131,134,khv+lPwibZg/m+jJIAU95ZkDyJw=,0Ocdx/BhfrZATk4W/3SQjjXYwaI=
129,130,khv+lPwibZg/m+jJIAU95ZkDyJw=,0Ocdx/BhfrZATk4W/3SQjjXYwaI=
132,132,khv+lPwibZg/m+jJIAU95ZkDyJw=,0Ocdx/BhfrZATk4W/3SQjjXYwaI=
133,132,khv+lPwibZg/m+jJIAU95ZkDyJw=,0Ocdx/BhfrZATk4W/3SQjjXYwaI=
133,133,khv+lPwibZg/m+jJIAU95ZkDyJw=,0Ocdx/BhfrZATk4W/3SQjjXYwaI=
131,135,khv+lPwibZg/m+jJIAU95ZkDyJw=,0Ocdx/BhfrZATk4W/3SQjjXYwaI=
132,134,khv+lPwibZg/m+jJIAU95ZkDyJw=,0Ocdx/BhfrZATk4W/3SQjjXYwaI=
132,135,khv+lPwibZg/m+jJIAU95ZkDyJw=,0Ocdx/BhfrZATk4W/3SQjjXYwaI=
133,135,khv+lPwibZg/m+jJIAU95ZkDyJw=,0Ocdx/BhfrZATk4W/3SQjjXYwaI=
134,129,khv+lPwibZg/m+jJIAU95ZkDyJw=,0Ocdx/BhfrZATk4W/3SQjjXYwaI=
133,134,khv+lPwibZg/m+jJIAU95ZkDyJw=,0Ocdx/BhfrZATk4W/3SQjjXYwaI=
135,129,khv+lPwibZg/m+jJIAU95ZkDyJw=,0Ocdx/BhfrZATk4W/3SQjjXYwaI=
135,136,khv+lPwibZg/m+jJIAU95ZkDyJw=,eCnd8D2MU1J0Fm/ZYC1jFe5qPKQ=
134,128,khv+lPwibZg/m+jJIAU95ZkDyJw=,0Ocdx/BhfrZATk4W/3SQjjXYwaI=
132,128,khv+lPwibZg/m+jJIAU95ZkDyJw=,0Ocdx/BhfrZATk4W/3SQjjXYwaI=
135,128,khv+lPwibZg/m+jJIAU95ZkDyJw=,0Ocdx/BhfrZATk4W/3SQjjXYwaI=
133,128,khv+lPwibZg/m+jJIAU95ZkDyJw=,0Ocdx/BhfrZATk4W/3SQjjXYwaI=
130,128,khv+lPwibZg/m+jJIAU95ZkDyJw=,0Ocdx/BhfrZATk4W/3SQjjXYwaI=
131,128,khv+lPwibZg/m+jJIAU95ZkDyJw=,0Ocdx/BhfrZATk4W/3SQjjXYwaI=
129,143,khv+lPwibZg/m+jJIAU95ZkDyJw=,eCnd8D2MU1J0Fm/ZYC1jFe5qPKQ=
130,143,khv+lPwibZg/m+jJIAU95ZkDyJw=,eCnd8D2MU1J0Fm/ZYC1jFe5qPKQ=
131,143,khv+lPwibZg/m+jJIAU95ZkDyJw=,eCnd8D2MU1J0Fm/ZYC1jFe5qPKQ=
132,143,khv+lPwibZg/m+jJIAU95ZkDyJw=,eCnd8D2MU1J0Fm/ZYC1jFe5qPKQ=
133,143,khv+lPwibZg/m+jJIAU95ZkDyJw=,eCnd8D2MU1J0Fm/ZYC1jFe5qPKQ=
134,143,khv+lPwibZg/m+jJIAU95ZkDyJw=,eCnd8D2MU1J0Fm/ZYC1jFe5qPKQ=
135,143,khv+lPwibZg/m+jJIAU95ZkDyJw=,eCnd8D2MU1J0Fm/ZYC1jFe5qPKQ=
128,142,khv+lPwibZg/m+jJIAU95ZkDyJw=,eCnd8D2MU1J0Fm/ZYC1jFe5qPKQ=
128,139,khv+lPwibZg/m+jJIAU95ZkDyJw=,eCnd8D2MU1J0Fm/ZYC1jFe5qPKQ=
128,143,khv+lPwibZg/m+jJIAU95ZkDyJw=,eCnd8D2MU1J0Fm/ZYC1jFe5qPKQ=
128,140,khv+lPwibZg/m+jJIAU95ZkDyJw=,eCnd8D2MU1J0Fm/ZYC1jFe5qPKQ=
128,141,khv+lPwibZg/m+jJIAU95ZkDyJw=,eCnd8D2MU1J0Fm/ZYC1jFe5qPKQ=
128,130,khv+lPwibZg/m+jJIAU95ZkDyJw=,0Ocdx/BhfrZATk4W/3SQjjXYwaI=
128,133,khv+lPwibZg/m+jJIAU95ZkDyJw=,0Ocdx/BhfrZATk4W/3SQjjXYwaI=
128,132,khv+lPwibZg/m+jJIAU95ZkDyJw=,0Ocdx/BhfrZATk4W/3SQjjXYwaI=
128,134,khv+lPwibZg/m+jJIAU95ZkDyJw=,0Ocdx/BhfrZATk4W/3SQjjXYwaI=
128,135,khv+lPwibZg/m+jJIAU95ZkDyJw=,0Ocdx/BhfrZATk4W/3SQjjXYwaI=
128,138,khv+lPwibZg/m+jJIAU95ZkDyJw=,eCnd8D2MU1J0Fm/ZYC1jFe5qPKQ=
128,136,khv+lPwibZg/m+jJIAU95ZkDyJw=,eCnd8D2MU1J0Fm/ZYC1jFe5qPKQ=
129,129,khv+lPwibZg/m+jJIAU95ZkDyJw=,0Ocdx/BhfrZATk4W/3SQjjXYwaI=
128,131,khv+lPwibZg/m+jJIAU95ZkDyJw=,0Ocdx/BhfrZATk4W/3SQjjXYwaI=
128,137,khv+lPwibZg/m+jJIAU95ZkDyJw=,eCnd8D2MU1J0Fm/ZYC1jFe5qPKQ=
129,128,khv+lPwibZg/m+jJIAU95ZkDyJw=,0Ocdx/BhfrZATk4W/3SQjjXYwaI=
128,128,khv+lPwibZg/m+jJIAU95ZkDyJw=,0Ocdx/BhfrZATk4W/3SQjjXYwaI=
128,129,khv+lPwibZg/m+jJIAU95ZkDyJw=,0Ocdx/BhfrZATk4W/3SQjjXYwaI=
144,132,fmkMXaSkIFGtfmwwgfcDTeFLpMk=,snqpYM7UcsHmrL8Lfp3QtOKkgPk=
149,128,fmkMXaSkIFGtfmwwgfcDTeFLpMk=,snqpYM7UcsHmrL8Lfp3QtOKkgPk=
150,129,fmkMXaSkIFGtfmwwgfcDTeFLpMk=,snqpYM7UcsHmrL8Lfp3QtOKkgPk=
147,128,fmkMXaSkIFGtfmwwgfcDTeFLpMk=,snqpYM7UcsHmrL8Lfp3QtOKkgPk=
149,129,4TlJ0B2RxuShOW240AFSIw0/Xwc=,snqpYM7UcsHmrL8Lfp3QtOKkgPk=
148,129,4TlJ0B2RxuShOW240AFSIw0/Xwc=,snqpYM7UcsHmrL8Lfp3QtOKkgPk=
150,135,4TlJ0B2RxuShOW240AFSIw0/Xwc=,snqpYM7UcsHmrL8Lfp3QtOKkgPk=
149,135,4TlJ0B2RxuShOW240AFSIw0/Xwc=,snqpYM7UcsHmrL8Lfp3QtOKkgPk=
147,135,4TlJ0B2RxuShOW240AFSIw0/Xwc=,snqpYM7UcsHmrL8Lfp3QtOKkgPk=
148,135,4TlJ0B2RxuShOW240AFSIw0/Xwc=,snqpYM7UcsHmrL8Lfp3QtOKkgPk=
146,135,4TlJ0B2RxuShOW240AFSIw0/Xwc=,snqpYM7UcsHmrL8Lfp3QtOKkgPk=
147,129,4TlJ0B2RxuShOW240AFSIw0/Xwc=,snqpYM7UcsHmrL8Lfp3QtOKkgPk=
148,130,4TlJ0B2RxuShOW240AFSIw0/Xwc=,snqpYM7UcsHmrL8Lfp3QtOKkgPk=
146,129,4TlJ0B2RxuShOW240AFSIw0/Xwc=,snqpYM7UcsHmrL8Lfp3QtOKkgPk=
145,135,4TlJ0B2RxuShOW240AFSIw0/Xwc=,snqpYM7UcsHmrL8Lfp3QtOKkgPk=
144,135,4TlJ0B2RxuShOW240AFSIw0/Xwc=,snqpYM7UcsHmrL8Lfp3QtOKkgPk=
149,134,4TlJ0B2RxuShOW240AFSIw0/Xwc=,snqpYM7UcsHmrL8Lfp3QtOKkgPk=
146,134,4TlJ0B2RxuShOW240AFSIw0/Xwc=,snqpYM7UcsHmrL8Lfp3QtOKkgPk=
146,132,4TlJ0B2RxuShOW240AFSIw0/Xwc=,snqpYM7UcsHmrL8Lfp3QtOKkgPk=
145,134,4TlJ0B2RxuShOW240AFSIw0/Xwc=,snqpYM7UcsHmrL8Lfp3QtOKkgPk=
147,130,4TlJ0B2RxuShOW240AFSIw0/Xwc=,snqpYM7UcsHmrL8Lfp3QtOKkgPk=
144,134,4TlJ0B2RxuShOW240AFSIw0/Xwc=,snqpYM7UcsHmrL8Lfp3QtOKkgPk=
145,129,4TlJ0B2RxuShOW240AFSIw0/Xwc=,snqpYM7UcsHmrL8Lfp3QtOKkgPk=
145,132,4TlJ0B2RxuShOW240AFSIw0/Xwc=,snqpYM7UcsHmrL8Lfp3QtOKkgPk=
146,130,4TlJ0B2RxuShOW240AFSIw0/Xwc=,snqpYM7UcsHmrL8Lfp3QtOKkgPk=
148,128,4TlJ0B2RxuShOW240AFSIw0/Xwc=,snqpYM7UcsHmrL8Lfp3QtOKkgPk=
146,131,4TlJ0B2RxuShOW240AFSIw0/Xwc=,snqpYM7UcsHmrL8Lfp3QtOKkgPk=
146,128,4TlJ0B2RxuShOW240AFSIw0/Xwc=,snqpYM7UcsHmrL8Lfp3QtOKkgPk=
145,131,4TlJ0B2RxuShOW240AFSIw0/Xwc=,snqpYM7UcsHmrL8Lfp3QtOKkgPk=
145,130,4TlJ0B2RxuShOW240AFSIw0/Xwc=,snqpYM7UcsHmrL8Lfp3QtOKkgPk=
144,131,4TlJ0B2RxuShOW240AFSIw0/Xwc=,snqpYM7UcsHmrL8Lfp3QtOKkgPk=
144,130,4TlJ0B2RxuShOW240AFSIw0/Xwc=,snqpYM7UcsHmrL8Lfp3QtOKkgPk=
145,128,4TlJ0B2RxuShOW240AFSIw0/Xwc=,snqpYM7UcsHmrL8Lfp3QtOKkgPk=
144,128,4TlJ0B2RxuShOW240AFSIw0/Xwc=,snqpYM7UcsHmrL8Lfp3QtOKkgPk=
150,128,4TlJ0B2RxuShOW240AFSIw0/Xwc=,snqpYM7UcsHmrL8Lfp3QtOKkgPk=
144,133,4TlJ0B2RxuShOW240AFSIw0/Xwc=,snqpYM7UcsHmrL8Lfp3QtOKkgPk=
144,129,4TlJ0B2RxuShOW240AFSIw0/Xwc=,snqpYM7UcsHmrL8Lfp3QtOKkgPk=
145,133,4TlJ0B2RxuShOW240AFSIw0/Xwc=,snqpYM7UcsHmrL8Lfp3QtOKkgPk=
146,133,4TlJ0B2RxuShOW240AFSIw0/Xwc=,snqpYM7UcsHmrL8Lfp3QtOKkgPk=
147,134,4TlJ0B2RxuShOW240AFSIw0/Xwc=,snqpYM7UcsHmrL8Lfp3QtOKkgPk=
147,131,4TlJ0B2RxuShOW240AFSIw0/Xwc=,snqpYM7UcsHmrL8Lfp3QtOKkgPk=
159,135,4TlJ0B2RxuShOW240AFSIw0/Xwc=,TUxoQOsAWp2TIHQLB/7Xv93IyDE=
158,135,4TlJ0B2RxuShOW240AFSIw0/Xwc=,TUxoQOsAWp2TIHQLB/7Xv93IyDE=
156,135,4TlJ0B2RxuShOW240AFSIw0/Xwc=,TUxoQOsAWp2TIHQLB/7Xv93IyDE=
147,133,4TlJ0B2RxuShOW240AFSIw0/Xwc=,snqpYM7UcsHmrL8Lfp3QtOKkgPk=
155,135,4TlJ0B2RxuShOW240AFSIw0/Xwc=,TUxoQOsAWp2TIHQLB/7Xv93IyDE=
155,129,4TlJ0B2RxuShOW240AFSIw0/Xwc=,TUxoQOsAWp2TIHQLB/7Xv93IyDE=
157,135,4TlJ0B2RxuShOW240AFSIw0/Xwc=,TUxoQOsAWp2TIHQLB/7Xv93IyDE=
154,135,4TlJ0B2RxuShOW240AFSIw0/Xwc=,TUxoQOsAWp2TIHQLB/7Xv93IyDE=
152,135,4TlJ0B2RxuShOW240AFSIw0/Xwc=,TUxoQOsAWp2TIHQLB/7Xv93IyDE=
159,134,4TlJ0B2RxuShOW240AFSIw0/Xwc=,TUxoQOsAWp2TIHQLB/7Xv93IyDE=
153,129,4TlJ0B2RxuShOW240AFSIw0/Xwc=,TUxoQOsAWp2TIHQLB/7Xv93IyDE=
153,135,4TlJ0B2RxuShOW240AFSIw0/Xwc=,TUxoQOsAWp2TIHQLB/7Xv93IyDE=
151,128,4TlJ0B2RxuShOW240AFSIw0/Xwc=,snqpYM7UcsHmrL8Lfp3QtOKkgPk=
158,134,4TlJ0B2RxuShOW240AFSIw0/Xwc=,TUxoQOsAWp2TIHQLB/7Xv93IyDE=
151,129,4TlJ0B2RxuShOW240AFSIw0/Xwc=,snqpYM7UcsHmrL8Lfp3QtOKkgPk=
155,128,4TlJ0B2RxuShOW240AFSIw0/Xwc=,TUxoQOsAWp2TIHQLB/7Xv93IyDE=
154,128,4TlJ0B2RxuShOW240AFSIw0/Xwc=,TUxoQOsAWp2TIHQLB/7Xv93IyDE=
153,128,4TlJ0B2RxuShOW240AFSIw0/Xwc=,TUxoQOsAWp2TIHQLB/7Xv93IyDE=
152,128,4TlJ0B2RxuShOW240AFSIw0/Xwc=,TUxoQOsAWp2TIHQLB/7Xv93IyDE=
156,128,4TlJ0B2RxuShOW240AFSIw0/Xwc=,TUxoQOsAWp2TIHQLB/7Xv93IyDE=
154,129,4TlJ0B2RxuShOW240AFSIw0/Xwc=,TUxoQOsAWp2TIHQLB/7Xv93IyDE=
156,134,4TlJ0B2RxuShOW240AFSIw0/Xwc=,TUxoQOsAWp2TIHQLB/7Xv93IyDE=
153,134,4TlJ0B2RxuShOW240AFSIw0/Xwc=,TUxoQOsAWp2TIHQLB/7Xv93IyDE=
154,134,4TlJ0B2RxuShOW240AFSIw0/Xwc=,TUxoQOsAWp2TIHQLB/7Xv93IyDE=
159,133,4TlJ0B2RxuShOW240AFSIw0/Xwc=,TUxoQOsAWp2TIHQLB/7Xv93IyDE=
159,132,4TlJ0B2RxuShOW240AFSIw0/Xwc=,TUxoQOsAWp2TIHQLB/7Xv93IyDE=
151,134,4TlJ0B2RxuShOW240AFSIw0/Xwc=,snqpYM7UcsHmrL8Lfp3QtOKkgPk=
147,132,4TlJ0B2RxuShOW240AFSIw0/Xwc=,snqpYM7UcsHmrL8Lfp3QtOKkgPk=
151,135,4TlJ0B2RxuShOW240AFSIw0/Xwc=,snqpYM7UcsHmrL8Lfp3QtOKkgPk=
152,131,4TlJ0B2RxuShOW240AFSIw0/Xwc=,TUxoQOsAWp2TIHQLB/7Xv93IyDE=
159,131,4TlJ0B2RxuShOW240AFSIw0/Xwc=,TUxoQOsAWp2TIHQLB/7Xv93IyDE=
157,134,4TlJ0B2RxuShOW240AFSIw0/Xwc=,TUxoQOsAWp2TIHQLB/7Xv93IyDE=
158,130,4TlJ0B2RxuShOW240AFSIw0/Xwc=,TUxoQOsAWp2TIHQLB/7Xv93IyDE=
151,130,4TlJ0B2RxuShOW240AFSIw0/Xwc=,snqpYM7UcsHmrL8Lfp3QtOKkgPk=
159,130,4TlJ0B2RxuShOW240AFSIw0/Xwc=,TUxoQOsAWp2TIHQLB/7Xv93IyDE=
151,133,4TlJ0B2RxuShOW240AFSIw0/Xwc=,snqpYM7UcsHmrL8Lfp3QtOKkgPk=
153,131,4TlJ0B2RxuShOW240AFSIw0/Xwc=,TUxoQOsAWp2TIHQLB/7Xv93IyDE=
159,129,4TlJ0B2RxuShOW240AFSIw0/Xwc=,TUxoQOsAWp2TIHQLB/7Xv93IyDE=
157,129,4TlJ0B2RxuShOW240AFSIw0/Xwc=,TUxoQOsAWp2TIHQLB/7Xv93IyDE=
156,129,4TlJ0B2RxuShOW240AFSIw0/Xwc=,TUxoQOsAWp2TIHQLB/7Xv93IyDE=
154,133,4TlJ0B2RxuShOW240AFSIw0/Xwc=,TUxoQOsAWp2TIHQLB/7Xv93IyDE=
154,131,4TlJ0B2RxuShOW240AFSIw0/Xwc=,TUxoQOsAWp2TIHQLB/7Xv93IyDE=
149,132,4TlJ0B2RxuShOW240AFSIw0/Xwc=,snqpYM7UcsHmrL8Lfp3QtOKkgPk=
150,130,4TlJ0B2RxuShOW240AFSIw0/Xwc=,snqpYM7UcsHmrL8Lfp3QtOKkgPk=
150,132,4TlJ0B2RxuShOW240AFSIw0/Xwc=,snqpYM7UcsHmrL8Lfp3QtOKkgPk=
157,130,4TlJ0B2RxuShOW240AFSIw0/Xwc=,TUxoQOsAWp2TIHQLB/7Xv93IyDE=
158,129,4TlJ0B2RxuShOW240AFSIw0/Xwc=,TUxoQOsAWp2TIHQLB/7Xv93IyDE=
149,130,4TlJ0B2RxuShOW240AFSIw0/Xwc=,snqpYM7UcsHmrL8Lfp3QtOKkgPk=
152,130,4TlJ0B2RxuShOW240AFSIw0/Xwc=,TUxoQOsAWp2TIHQLB/7Xv93IyDE=
153,130,4TlJ0B2RxuShOW240AFSIw0/Xwc=,TUxoQOsAWp2TIHQLB/7Xv93IyDE=
152,129,4TlJ0B2RxuShOW240AFSIw0/Xwc=,TUxoQOsAWp2TIHQLB/7Xv93IyDE=
156,130,4TlJ0B2RxuShOW240AFSIw0/Xwc=,TUxoQOsAWp2TIHQLB/7Xv93IyDE=
155,134,4TlJ0B2RxuShOW240AFSIw0/Xwc=,TUxoQOsAWp2TIHQLB/7Xv93IyDE=
155,130,4TlJ0B2RxuShOW240AFSIw0/Xwc=,TUxoQOsAWp2TIHQLB/7Xv93IyDE=
158,133,4TlJ0B2RxuShOW240AFSIw0/Xwc=,TUxoQOsAWp2TIHQLB/7Xv93IyDE=
151,131,4TlJ0B2RxuShOW240AFSIw0/Xwc=,snqpYM7UcsHmrL8Lfp3QtOKkgPk=
149,131,4TlJ0B2RxuShOW240AFSIw0/Xwc=,snqpYM7UcsHmrL8Lfp3QtOKkgPk=
148,132,4TlJ0B2RxuShOW240AFSIw0/Xwc=,snqpYM7UcsHmrL8Lfp3QtOKkgPk=
152,134,4TlJ0B2RxuShOW240AFSIw0/Xwc=,TUxoQOsAWp2TIHQLB/7Xv93IyDE=
157,128,4TlJ0B2RxuShOW240AFSIw0/Xwc=,TUxoQOsAWp2TIHQLB/7Xv93IyDE=
150,131,4TlJ0B2RxuShOW240AFSIw0/Xwc=,snqpYM7UcsHmrL8Lfp3QtOKkgPk=
154,130,4TlJ0B2RxuShOW240AFSIw0/Xwc=,TUxoQOsAWp2TIHQLB/7Xv93IyDE=
157,133,4TlJ0B2RxuShOW240AFSIw0/Xwc=,TUxoQOsAWp2TIHQLB/7Xv93IyDE=
155,133,4TlJ0B2RxuShOW240AFSIw0/Xwc=,TUxoQOsAWp2TIHQLB/7Xv93IyDE=
159,128,4TlJ0B2RxuShOW240AFSIw0/Xwc=,TUxoQOsAWp2TIHQLB/7Xv93IyDE=
151,132,4TlJ0B2RxuShOW240AFSIw0/Xwc=,snqpYM7UcsHmrL8Lfp3QtOKkgPk=
148,131,4TlJ0B2RxuShOW240AFSIw0/Xwc=,snqpYM7UcsHmrL8Lfp3QtOKkgPk=
150,134,4TlJ0B2RxuShOW240AFSIw0/Xwc=,snqpYM7UcsHmrL8Lfp3QtOKkgPk=
156,133,4TlJ0B2RxuShOW240AFSIw0/Xwc=,TUxoQOsAWp2TIHQLB/7Xv93IyDE=
152,133,4TlJ0B2RxuShOW240AFSIw0/Xwc=,TUxoQOsAWp2TIHQLB/7Xv93IyDE=
153,132,4TlJ0B2RxuShOW240AFSIw0/Xwc=,TUxoQOsAWp2TIHQLB/7Xv93IyDE=
155,131,4TlJ0B2RxuShOW240AFSIw0/Xwc=,TUxoQOsAWp2TIHQLB/7Xv93IyDE=
148,134,4TlJ0B2RxuShOW240AFSIw0/Xwc=,snqpYM7UcsHmrL8Lfp3QtOKkgPk=
158,132,4TlJ0B2RxuShOW240AFSIw0/Xwc=,TUxoQOsAWp2TIHQLB/7Xv93IyDE=
153,133,4TlJ0B2RxuShOW240AFSIw0/Xwc=,TUxoQOsAWp2TIHQLB/7Xv93IyDE=
158,128,4TlJ0B2RxuShOW240AFSIw0/Xwc=,TUxoQOsAWp2TIHQLB/7Xv93IyDE=
152,132,4TlJ0B2RxuShOW240AFSIw0/Xwc=,TUxoQOsAWp2TIHQLB/7Xv93IyDE=
148,133,4TlJ0B2RxuShOW240AFSIw0/Xwc=,snqpYM7UcsHmrL8Lfp3QtOKkgPk=
154,132,4TlJ0B2RxuShOW240AFSIw0/Xwc=,TUxoQOsAWp2TIHQLB/7Xv93IyDE=
156,132,4TlJ0B2RxuShOW240AFSIw0/Xwc=,TUxoQOsAWp2TIHQLB/7Xv93IyDE=
158,131,4TlJ0B2RxuShOW240AFSIw0/Xwc=,TUxoQOsAWp2TIHQLB/7Xv93IyDE=
157,131,4TlJ0B2RxuShOW240AFSIw0/Xwc=,TUxoQOsAWp2TIHQLB/7Xv93IyDE=
157,132,4TlJ0B2RxuShOW240AFSIw0/Xwc=,TUxoQOsAWp2TIHQLB/7Xv93IyDE=
155,132,4TlJ0B2RxuShOW240AFSIw0/Xwc=,TUxoQOsAWp2TIHQLB/7Xv93IyDE=
156,131,4TlJ0B2RxuShOW240AFSIw0/Xwc=,TUxoQOsAWp2TIHQLB/7Xv93IyDE=
150,133,4TlJ0B2RxuShOW240AFSIw0/Xwc=,snqpYM7UcsHmrL8Lfp3QtOKkgPk=
149,133,4TlJ0B2RxuShOW240AFSIw0/Xwc=,snqpYM7UcsHmrL8Lfp3QtOKkgPk=
